PLAYER_NAME,PLAYER_HEIGHT,PLAYER_WEIGHT,COLLEGE,COUNTRY,DRAFT_YEAR,DRAFT_ROUND,DRAFT_NUMBER,PLAYER_ID
"A.J. Guyton",185.42,81.64656,Indiana,USA,2000,2,32,2062
"Aaron Brooks",182.88,73.028312,Oregon,USA,2007,1,26,201166
"Aaron Gordon",205.74,99.79024,Arizona,USA,2014,1,4,203932
"Aaron Gray",213.36,122.46984,Pittsburgh,USA,2007,2,49,201189
"Aaron Holiday",185.42,83.91452,UCLA,USA,2018,1,23,1628988
"Aaron McKie",195.58,94.800728,Temple,USA,1994,1,17,243
"Aaron Miles",185.42,86.18248,Kansas,USA,Undrafted,Undrafted,Undrafted,101223
"Aaron Williams",205.74,102.0582,Xavier,USA,Undrafted,Undrafted,Undrafted,1425
"Abdel Nader",198.12,104.32616,"Iowa State",Egypt,2016,2,58,1627846
"Acie Law",190.5,88.45044,"Texas A&M",USA,2007,1,11,201151
"Adam Mokoka",195.58,86.18248,None,France,Undrafted,Undrafted,Undrafted,1629690
"Adam Morrison",203.2,92.98636,Gonzaga,USA,2006,1,3,200747
"Admiral Schofield",195.58,109.315672,Tennessee,"United Kingdom",2019,2,42,1629678
"Adonal Foyle",208.28,113.398,Colgate,"St. Vincent & Grenadines",1997,1,8,1502
"Adrian Griffin",195.58,97.52228,"Seton Hall",USA,Undrafted,Undrafted,Undrafted,1559
"AJ Price",187.96,82.100152,Connecticut,USA,2009,2,52,201985
"Al Harrington",205.74,104.32616,None,USA,1998,1,25,1733
"Al Horford",208.28,111.13004,Florida,"Dominican Republic",2007,1,3,201143
"Al Jefferson",208.28,120.20188,None,USA,2004,1,15,2744
"Al Thornton",203.2,99.79024,"Florida State",USA,2007,1,14,201154
"Alan Anderson",198.12,99.79024,"Michigan State",USA,Undrafted,Undrafted,Undrafted,101187
"Alan Henderson",205.74,106.59412,Indiana,USA,1995,1,16,673
"Alando Tucker",198.12,92.98636,Wisconsin,USA,2007,1,29,201169
"Alec Burks",198.12,91.625584,Colorado,USA,2011,1,12,202692
"Aleksandar Radojevic",220.98,111.13004,"Barton Community College",USA,1999,1,12,1893
"Alen Smailagic",208.28,97.52228,None,Serbia,2019,2,39,1629346
"Alex Acker",195.58,83.91452,Pepperdine,USA,2005,2,60,101165
"Alex Caruso",195.58,84.368112,"Texas A&M",USA,Undrafted,Undrafted,Undrafted,1627936
"Alex Garcia",190.5,88.45044,None,USA,Undrafted,Undrafted,Undrafted,2682
"Alex Len",215.9,115.66596,Maryland,Ukraine,2013,1,5,203458
"Alex Scales",193.04,88.45044,Oregon,USA,Undrafted,Undrafted,Undrafted,2637
"Alexander Johnson",205.74,108.86208,"Florida State",USA,2006,2,45,200792
"Alexis Ajinca",213.36,99.79024,None,France,2008,1,20,201582
"Al-Farouq Aminu",205.74,97.52228,"Wake Forest",USA,2010,1,8,202329
"Alfonzo McKinnie",203.2,97.52228,None,USA,Undrafted,Undrafted,Undrafted,1628035
"Alize Johnson",205.74,96.161504,"Missouri State",USA,2018,2,50,1628993
"Allan Houston",198.12,90.7184,Tennessee,USA,1993,1,11,275
"Allan Ray",187.96,86.18248,Villanova,USA,Undrafted,Undrafted,Undrafted,200810
"Allen Crabbe",198.12,95.25432,California,USA,2013,2,31,203459
"Allen Iverson",182.88,74.84268,Georgetown,USA,1996,1,1,947
"Allonzo Trier",195.58,90.7184,Arizona,USA,Undrafted,Undrafted,Undrafted,1629019
"Alonzo Gee",198.12,99.79024,Alabama,USA,Undrafted,Undrafted,Undrafted,202087
"Alonzo Mourning",208.28,118.387512,Georgetown,USA,1992,1,2,297
"Alton Ford",205.74,124.7378,Houston,USA,2001,2,50,2228
"Alvin Williams",195.58,83.91452,Villanova,USA,1997,2,47,1541
"Amal McCaskill",210.82,106.59412,Marquette,USA,1996,2,49,1043
"Amar'e Stoudemire",208.28,111.13004,None,USA,2002,1,9,2405
"Amile Jefferson",205.74,100.697424,Duke,USA,Undrafted,Undrafted,Undrafted,1628518
"Amir Coffey",200.66,95.25432,None,USA,Undrafted,Undrafted,Undrafted,1629599
"Amir Johnson",205.74,95.25432,None,USA,2005,2,56,101161
"Anderson Varejao",208.28,104.32616,None,Brazil,2004,2,30,2760
"Andray Blatche",210.82,106.59412,None,USA,2005,2,49,101154
"Andre Barrett",177.8,78.471416,"Seton Hall",USA,Undrafted,Undrafted,Undrafted,2857
"Andre Brown",205.74,111.13004,DePaul,USA,Undrafted,Undrafted,Undrafted,2810
"Andre Drummond",208.28,122.46984,Connecticut,USA,2012,1,9,203083
"Andre Emmett",195.58,104.32616,"Texas Tech",USA,2004,2,35,2765
"Andre Iguodala",198.12,93.893544,Arizona,USA,2004,1,9,2738
"Andre Miller",187.96,92.079176,Utah,USA,1999,1,8,1889
"Andre Owens",193.04,90.7184,Houston,USA,Undrafted,Undrafted,Undrafted,101261
"Andrea Bargnani",213.36,113.398,None,Italy,2006,1,1,200745
"Andreas Glyniadakis",215.9,127.00576,None,USA,2003,2,58,2601
"Andrei Kirilenko",205.74,95.25432,None,Russia,1999,1,24,1905
"Andres Nocioni",200.66,102.0582,None,Argentina,Undrafted,Undrafted,Undrafted,2804
"Andrew Bogut",213.36,111.13004,Utah,Australia,2005,1,1,101106
"Andrew Bynum",213.36,124.7378,None,USA,2005,1,10,101115
"Andrew DeClercq",208.28,104.32616,Florida,USA,1995,2,34,692
"Andrew Goudelock",190.5,90.7184,"College of Charleston",USA,2011,2,46,202726
"Andrew Wiggins",203.2,90.264808,Kansas,Canada,2014,1,1,203952
"Andris Biedrins",210.82,108.86208,None,Latvia,2004,1,11,2740
"Anfernee Hardaway",200.66,97.52228,Memphis,USA,1993,1,3,358
"Anfernee Simons",193.04,83.91452,None,USA,2018,1,24,1629014
"Ansu Sesay",205.74,102.0582,Mississippi,USA,1998,2,30,1738
"Antawn Jamison",205.74,101.151016,"North Carolina",USA,1998,1,4,1712
"Ante Zizic",210.82,113.398,None,Croatia,2016,1,23,1627790
"Anthony Carter",185.42,86.18248,Hawaii,USA,Undrafted,Undrafted,Undrafted,1853
"Anthony Davis",208.28,99.79024,Kentucky,USA,2012,1,1,203076
"Anthony Goldwire",187.96,82.553744,Houston,USA,1994,2,52,924
"Anthony Grundy",190.5,83.91452,"North Carolina State",USA,Undrafted,Undrafted,Undrafted,101219
"Anthony Johnson",190.5,86.18248,"College of Charleston",USA,1997,2,39,1533
"Anthony Miller",205.74,115.66596,"Michigan State",USA,1994,2,39,292
"Anthony Morrow",195.58,95.25432,"Georgia Tech",USA,Undrafted,Undrafted,Undrafted,201627
"Anthony Parker",198.12,97.52228,Bradley,USA,1997,1,21,1515
"Anthony Peeler",193.04,94.347136,Missouri,USA,1992,1,15,324
"Anthony Randolph",208.28,95.25432,"Louisiana State",USA,2008,1,14,201576
"Anthony Roberson",187.96,81.64656,Florida,USA,Undrafted,Undrafted,Undrafted,101194
"Anthony Tolliver",203.2,108.86208,Creighton,USA,Undrafted,Undrafted,Undrafted,201229
"Antoine Walker",205.74,101.604608,Kentucky,USA,1996,1,6,952
"Antoine Wright",200.66,95.25432,"Texas A&M",USA,2005,1,15,101120
"Antonio Burks",182.88,88.45044,Memphis,USA,2004,2,36,2766
"Antonio Daniels",193.04,88.45044,"Bowling Green",USA,1997,1,4,1498
"Antonio Davis",205.74,104.32616,"Texas-El Paso",USA,1990,2,45,213
"Antonio McDyess",205.74,99.79024,Alabama,USA,1995,1,2,686
"Antonius Cleveland",198.12,88.45044,"S.E. Missouri",USA,Undrafted,Undrafted,Undrafted,1628499
"Anzejs Pasecniks",218.44,103.872568,None,Latvia,2017,1,25,1628394
"Armon Johnson",190.5,88.45044,Nevada,USA,2010,2,34,202356
"Aron Baynes",208.28,117.93392,"Washington State",Australia,Undrafted,Undrafted,Undrafted,203382
"Arron Afflalo",195.58,97.52228,UCLA,USA,2007,1,27,201167
"Arvydas Macijauskas",193.04,97.068688,None,Lithuania,Undrafted,Undrafted,Undrafted,101178
"Austin Croshere",205.74,106.59412,Providence,USA,1997,1,12,1506
"Austin Daye",210.82,90.7184,Gonzaga,USA,2009,1,15,201948
"Austin Rivers",193.04,90.7184,Duke,USA,2012,1,10,203085
"Avery Bradley",187.96,81.64656,Texas,USA,2010,1,19,202340
"Avery Johnson",180.34,81.64656,Southern,USA,Undrafted,Undrafted,Undrafted,422
"Awvee Storey",198.12,102.0582,"Arizona State",USA,Undrafted,Undrafted,Undrafted,2852
"Bam Adebayo",208.28,115.66596,Kentucky,USA,2017,1,14,1628389
"Baron Davis",190.5,95.25432,UCLA,USA,1999,1,3,1884
"Ben Gordon",190.5,90.7184,Connecticut,USA,2004,1,3,2732
"Ben Handlogten",208.28,108.86208,"Western Michigan",USA,Undrafted,Undrafted,Undrafted,1052
"Ben McLemore",195.58,88.45044,Kansas,USA,2013,1,7,203463
"Ben Simmons",208.28,104.32616,"Louisiana State",Australia,2016,1,1,1627732
"Ben Uzoh",190.5,92.98636,Tulsa,USA,Undrafted,Undrafted,Undrafted,202386
"Ben Wallace",205.74,108.86208,"Virginia Union",USA,Undrafted,Undrafted,Undrafted,1112
"Beno Udrih",190.5,90.7184,None,Slovenia,2004,1,28,2757
"Bernard Robinson",198.12,95.25432,Michigan,USA,2004,2,45,2774
"Billy Thomas",195.58,98.883056,Kansas,USA,Undrafted,Undrafted,Undrafted,2873
"Bimbo Coles",187.96,82.553744,"Virginia Tech",USA,1990,2,40,902
"Bismack Biyombo",205.74,111.13004,None,"Democratic Republic of the Congo",2011,1,7,202687
"BJ Johnson",200.66,90.7184,None,USA,Undrafted,Undrafted,Undrafted,1629168
"Blake Ahearn",187.96,86.18248,"Missouri State",USA,Undrafted,Undrafted,Undrafted,201336
"Blake Griffin",208.28,113.851592,Oklahoma,USA,2009,1,1,201933
"Bo Outlaw",203.2,95.25432,Houston,USA,Undrafted,Undrafted,Undrafted,448
"Bob Sura",195.58,90.7184,"Florida State",USA,1995,1,17,682
"Boban Marjanovic",220.98,131.54168,None,Serbia,Undrafted,Undrafted,Undrafted,1626246
"Bobby Brown",187.96,79.3786,"Cal State-Fullerton",USA,Undrafted,Undrafted,Undrafted,201628
"Bobby Jackson",185.42,83.91452,Minnesota,USA,1997,1,23,1517
"Bobby Jones",200.66,97.52228,Washington,USA,2006,2,37,200784
"Bobby Portis",210.82,104.32616,Arkansas,USA,2015,1,22,1626171
"Bobby Simmons",198.12,106.59412,DePaul,USA,2001,2,41,2250
"Bogdan Bogdanovic",198.12,92.98636,None,Serbia,2014,1,27,203992
"Bojan Bogdanovic",203.2,97.975872,None,Croatia,2011,2,31,202711
"Boniface Ndong",213.36,92.98636,None,Senegal,Undrafted,Undrafted,Undrafted,101238
"Bonzi Wells",195.58,95.25432,"Ball State",USA,1998,1,11,1719
"Boris Diaw",203.2,97.52228,None,France,2003,1,21,2564
"Bostjan Nachbar",205.74,100.243832,None,Slovenia,2002,1,15,2411
"Bracey Wright",190.5,95.25432,Indiana,USA,2005,2,47,101152
"Brad Miller",210.82,113.398,Purdue,USA,Undrafted,Undrafted,Undrafted,1802
"Brad Wanamaker",193.04,95.25432,Pittsburgh,USA,Undrafted,Undrafted,Undrafted,202954
"Bradley Beal",195.58,93.893544,Florida,USA,2012,1,3,203078
"Brandan Wright",205.74,92.98636,"North Carolina",USA,2007,1,8,201148
"Brandin Knight",182.88,81.64656,Pittsburgh,USA,Undrafted,Undrafted,Undrafted,2688
"Brandon Armstrong",195.58,85.275296,Pepperdine,USA,2001,1,23,2220
"Brandon Bass",203.2,108.86208,"Louisiana State",USA,2005,2,33,101138
"Brandon Clarke",203.2,97.52228,Gonzaga,Canada,2019,1,21,1629634
"Brandon Goodwin",187.96,81.64656,None,USA,Undrafted,Undrafted,Undrafted,1629164
"Brandon Hunter",200.66,117.93392,Ohio,USA,2003,2,56,2599
"Brandon Ingram",205.74,86.18248,Duke,USA,2016,1,2,1627742
"Brandon Jennings",185.42,76.657048,None,USA,2009,1,10,201943
"Brandon Knight",190.5,85.728888,Kentucky,USA,2011,1,8,202688
"Brandon Roy",198.12,103.872568,Washington,USA,2006,1,6,200750
"Brandon Rush",198.12,95.25432,Kansas,USA,2008,1,13,201575
"Brandon Williams",198.12,97.52228,Davidson,USA,Undrafted,Undrafted,Undrafted,1585
"Brendan Haywood",213.36,120.655472,"North Carolina",USA,2001,1,20,2217
"Brent Barry",198.12,88.45044,"Oregon State",USA,1995,1,15,699
"Brevin Knight",177.8,78.471416,Stanford,USA,1997,1,16,1510
"Brian Bowen II",198.12,86.18248,None,USA,Undrafted,Undrafted,Undrafted,1628968
"Brian Cardinal",203.2,111.13004,Purdue,USA,2000,2,44,2073
"Brian Cook",205.74,106.140528,Illinois,USA,2003,1,24,2567
"Brian Grant",205.74,115.212368,Xavier,USA,1994,1,8,258
"Brian Scalabrine",205.74,108.86208,"Southern California",USA,2001,2,34,2243
"Brian Skinner",205.74,115.66596,Baylor,USA,1998,1,22,1730
"Britton Johnsen",208.28,95.25432,Utah,USA,Undrafted,Undrafted,Undrafted,2639
"Brook Lopez",213.36,117.93392,Stanford,USA,2008,1,10,201572
"Bruce Bowen",200.66,90.7184,"Cal State-Fullerton",USA,Undrafted,Undrafted,Undrafted,1477
"Bruce Brown",195.58,91.625584,Miami,USA,2018,2,42,1628971
"Bruno Caboclo",205.74,92.98636,None,Brazil,2014,1,20,203998
"Bruno Fernando",205.74,108.86208,Maryland,Angola,2019,2,34,1628981
"Bruno Sundov",218.44,99.79024,None,Croatia,1998,2,35,1743
"Bryce Drew",190.5,83.91452,Valparaiso,USA,1998,1,16,1724
"Bryn Forbes",190.5,86.18248,"Michigan State",USA,Undrafted,Undrafted,Undrafted,1627854
"Bryon Russell",200.66,102.0582,"Long Beach State",USA,1993,2,45,935
"Buddy Hield",193.04,97.068688,Oklahoma,Bahamas,2016,1,6,1627741
"Byron Mullens",213.36,124.7378,"Ohio State",USA,2009,1,24,201957
"C.J. Watson",187.96,81.64656,Tennessee,USA,Undrafted,Undrafted,Undrafted,201228
"Calbert Cheaney",200.66,97.52228,Indiana,USA,1993,1,6,384
"Caleb Martin",195.58,92.98636,None,USA,Undrafted,Undrafted,Undrafted,1628997
"Caleb Swanigan",203.2,113.398,Purdue,USA,2017,1,26,1628403
"Calvin Booth",210.82,109.315672,"Penn State",USA,1999,2,35,1916
"Cam Reddish",203.2,98.883056,Duke,USA,2019,1,10,1629629
"Cameron Johnson",203.2,95.25432,"North Carolina",USA,2019,1,11,1629661
"Caris LeVert",200.66,92.079176,Michigan,USA,2016,1,20,1627747
"Carl Landry",205.74,112.490816,Purdue,USA,2007,2,31,201171
"Carlos Arroyo",187.96,91.625584,"Florida International","Puerto Rico",Undrafted,Undrafted,Undrafted,2306
"Carlos Boozer",205.74,127.00576,Duke,USA,2002,2,34,2430
"Carlos Delfino",198.12,104.32616,None,Argentina,2003,1,25,2568
"Carmelo Anthony",203.2,99.79024,Syracuse,USA,2003,1,3,2546
"Caron Butler",200.66,98.429464,Connecticut,USA,2002,1,10,2406
"Carsen Edwards",180.34,90.7184,Purdue,USA,2019,2,33,1629035
"Cartier Martin",200.66,99.79024,"Kansas State",USA,Undrafted,Undrafted,Undrafted,201858
"Casey Jacobsen",198.12,97.52228,Stanford,USA,2002,1,22,2418
"Cedi Osman",203.2,97.52228,None,Turkey,2015,2,31,1626224
"Cedric Bozeman",198.12,93.893544,UCLA,USA,Undrafted,Undrafted,Undrafted,200841
"Cedric Simmons",205.74,106.59412,"North Carolina State",USA,2006,1,15,200759
"Cezary Trybanski",218.44,108.86208,None,Poland,Undrafted,Undrafted,Undrafted,2456
"Chandler Hutchison",200.66,89.357624,"Boise State",USA,2018,1,22,1628990
"Chandler Parsons",205.74,102.965384,Florida,USA,2011,2,38,202718
"Channing Frye",210.82,112.490816,Arizona,USA,2005,1,8,101112
"Charles Brown Jr.",198.12,90.264808,None,USA,Undrafted,Undrafted,Undrafted,1629718
"Charles Jenkins",190.5,99.79024,Hofstra,USA,2011,2,44,202724
"Charles Oakley",205.74,111.13004,"Virginia Union",USA,1985,1,9,891
"Charles Smith",208.28,110.676448,Pittsburgh,USA,1988,1,3,1520
"Charlie Bell",190.5,90.7184,"Michigan State",USA,Undrafted,Undrafted,Undrafted,2294
"Charlie Villanueva",210.82,108.86208,Connecticut,USA,2005,1,7,101111
"Charlie Ward",187.96,86.18248,"Florida State",USA,1994,1,26,369
"Chase Budinger",200.66,98.883056,Arizona,USA,2009,2,44,201978
"Chauncey Billups",190.5,91.625584,Colorado,USA,1997,1,3,1497
"Cheick Diallo",205.74,99.79024,Kansas,Mali,2016,2,33,1627767
"Cheikh Samb",215.9,111.13004,None,USA,2006,2,51,200798
"Cherokee Parks",210.82,108.86208,Duke,USA,1995,1,12,685
"Chimezie Metu",208.28,102.0582,USC,USA,2018,2,49,1629002
"Chris Andersen",208.28,104.32616,Blinn,USA,Undrafted,Undrafted,Undrafted,2365
"Chris Bosh",208.28,95.25432,"Georgia Tech",USA,2003,1,4,2547
"Chris Boucher",208.28,90.7184,Oregon,Canada,Undrafted,Undrafted,Undrafted,1628449
"Chris Carr",198.12,99.79024,"Southern Illinois",USA,1995,2,56,713
"Chris Chiozza",182.88,79.3786,None,USA,Undrafted,Undrafted,Undrafted,1629185
"Chris Clemons",175.26,81.64656,None,USA,Undrafted,Undrafted,Undrafted,1629598
"Chris Crawford",205.74,106.59412,Marquette,USA,1997,2,50,1544
"Chris Douglas-Roberts",200.66,90.7184,Memphis,USA,2008,2,40,201604
"Chris Duhon",185.42,83.91452,Duke,USA,2004,2,38,2768
"Chris Hunter",210.82,108.86208,Michigan,USA,Undrafted,Undrafted,Undrafted,201805
"Chris Jefferies",203.2,97.52228,"Fresno State",USA,2002,1,27,2423
"Chris Johnson",210.82,95.25432,"Louisiana State",USA,Undrafted,Undrafted,Undrafted,202419
"Chris Kaman",213.36,121.562656,"Central Michigan",USA,2003,1,6,2549
"Chris McCray",195.58,87.089664,Maryland,USA,Undrafted,Undrafted,Undrafted,200840
"Chris Mihm",215.9,120.20188,Texas,USA,2000,1,7,2036
"Chris Mills",200.66,97.975872,Arizona,USA,1993,1,22,168
"Chris Paul",182.88,79.3786,"Wake Forest",USA,2005,1,4,101108
"Chris Quinn",187.96,83.91452,"Notre Dame",USA,Undrafted,Undrafted,Undrafted,200809
"Chris Richard",205.74,122.46984,Florida,USA,2007,2,41,201181
"Chris Silva",203.2,106.140528,"South Carolina",Gabon,Undrafted,Undrafted,Undrafted,1629735
"Chris Singleton",203.2,104.32616,"Florida State",USA,2011,1,18,202698
"Chris Taft",208.28,118.387512,Pittsburgh,USA,2005,2,42,101147
"Chris Webber",208.28,111.13004,Michigan,USA,1993,1,1,185
"Chris Whitney",182.88,77.11064,Clemson,USA,1993,2,47,43
"Chris Wilcox",208.28,100.243832,Maryland,USA,2002,1,8,2404
"Chris Wright",203.2,102.511792,Dayton,USA,Undrafted,Undrafted,Undrafted,202874
"Christian Eyenga",195.58,95.25432,None,Congo,2009,1,30,201963
"Christian Laettner",210.82,111.13004,Duke,USA,1992,1,3,363
"Christian Wood",210.82,99.79024,"Nevada-Las Vegas",USA,Undrafted,Undrafted,Undrafted,1626174
"Chuck Hayes",198.12,109.769264,Kentucky,USA,Undrafted,Undrafted,Undrafted,101236
"Chucky Atkins",180.34,72.57472,"South Florida",USA,Undrafted,Undrafted,Undrafted,1088
"CJ McCollum",193.04,90.7184,Lehigh,USA,2013,1,10,203468
"CJ Miles",198.12,95.25432,None,USA,2005,2,34,101139
"Clar. Weatherspoon",200.66,108.86208,"Southern Mississippi",USA,1992,1,9,221
"Clifford Robinson",208.28,102.0582,Connecticut,USA,1989,2,36,361
"Clint Capela",208.28,108.86208,None,Switzerland,2014,1,25,203991
"Coby Karl",195.58,97.52228,"Boise State",USA,Undrafted,Undrafted,Undrafted,201207
"Coby White",193.04,88.45044,"North Carolina",USA,2019,1,7,1629632
"Cody Martin",195.58,92.98636,Nevada-Reno,USA,2019,2,36,1628998
"Cody Zeller",213.36,108.86208,Indiana,USA,2013,1,4,203469
"Cole Aldrich",210.82,111.13004,Kansas,USA,2010,1,11,202332
"Collin Sexton",187.96,86.18248,Alabama,USA,2018,1,8,1629012
"Corey Brewer",205.74,83.91452,Florida,USA,2007,1,7,201147
"Corey Maggette",198.12,98.883056,Duke,USA,1999,1,13,1894
"Corie Blount",208.28,109.769264,Cincinnati,USA,1993,1,25,916
"Corliss Williamson",200.66,111.13004,Arkansas,USA,1995,1,13,722
"Corsley Edwards",205.74,124.7378,"Central Connecticut State",USA,2002,2,57,2451
"Cory Alexander",185.42,86.18248,Virginia,USA,1995,1,29,724
"Cory Higgins",195.58,81.64656,Colorado,USA,Undrafted,Undrafted,Undrafted,202809
"Cory Joseph",190.5,83.91452,Texas,Canada,2011,1,29,202709
"Courtney Alexander",195.58,92.98636,"Fresno State",USA,2000,1,13,2042
"Courtney Fortson",180.34,83.91452,Arkansas,USA,Undrafted,Undrafted,Undrafted,202622
"Courtney Lee",195.58,90.7184,"Western Kentucky",USA,2008,1,22,201584
"Courtney Sims",210.82,111.13004,Michigan,USA,Undrafted,Undrafted,Undrafted,201235
"Craig Brackins",208.28,104.32616,"Iowa State",USA,2010,1,21,202342
"Craig Smith",200.66,123.377024,"Boston College",USA,2006,2,36,200783
"Cristiano Felicio",208.28,124.7378,None,Brazil,Undrafted,Undrafted,Undrafted,1626245
"Curtis Borchardt",213.36,108.86208,Stanford,USA,2002,1,18,2414
"Cuttino Mobley",193.04,86.18248,"Rhode Island",USA,1998,2,41,1749
"D.J. Augustin",182.88,81.64656,Texas,USA,2008,1,9,201571
"D.J. Kennedy",195.58,97.068688,"St. John's (NY)",USA,Undrafted,Undrafted,Undrafted,202810
"D.J. Wilson",208.28,107.047712,Michigan,USA,2017,1,17,1628391
"Daequan Cook",195.58,92.98636,"Ohio State",USA,2007,1,21,201161
"Dahntay Jones",198.12,95.25432,Duke,USA,2003,1,20,2563
"Dajuan Wagner",190.5,90.7184,Memphis,USA,2002,1,6,2402
"Dale Davis",210.82,104.32616,Clemson,USA,1991,1,13,905
"Damian Jones",213.36,111.13004,Vanderbilt,USA,2016,1,30,1627745
"Damian Lillard",190.5,88.45044,"Weber State",USA,2012,1,6,203081
"Damien Wilkins",198.12,102.0582,Georgia,USA,Undrafted,Undrafted,Undrafted,2863
"Damion James",200.66,99.79024,Texas,USA,2010,1,24,202345
"Damion Lee",198.12,95.25432,Louisville,USA,Undrafted,Undrafted,Undrafted,1627814
"Damir Markota",208.28,102.0582,None,USA,2006,2,59,200806
"Damon Jones",190.5,83.91452,Houston,USA,Undrafted,Undrafted,Undrafted,1800
"Damon Stoudamire",177.8,77.564232,Arizona,USA,1995,1,7,757
"Damone Brown",203.2,91.625584,Syracuse,USA,2001,2,36,2245
"Damyean Dotson",195.58,95.25432,Houston,USA,2017,2,44,1628422
"Dan Dickau",182.88,86.18248,Gonzaga,USA,2002,1,28,2424
"Dan Gadzuric",210.82,108.86208,UCLA,Netherlands,2002,2,33,2429
"Dan Langhi",210.82,99.79024,Vanderbilt,USA,2000,2,31,2061
"Dana Barros",180.34,73.935496,"Boston College",USA,1989,1,16,344
"D'Angelo Russell",195.58,88.45044,"Ohio State",USA,2015,1,2,1626156
"Daniel Ewing",190.5,83.91452,Duke,USA,2005,2,32,101137
"Daniel Gafford",208.28,106.140528,Arkansas,USA,2019,2,38,1629655
"Daniel Gibson",187.96,86.18248,Texas,USA,2006,2,42,200789
"Daniel Orton",208.28,115.66596,Kentucky,USA,2010,1,29,202350
"Daniel Santiago",215.9,116.119552,"Saint Vincent","Puerto Rico",Undrafted,Undrafted,Undrafted,2091
"Daniel Theis",205.74,110.222856,None,Germany,Undrafted,Undrafted,Undrafted,1628464
"Danilo Gallinari",208.28,102.0582,None,Italy,2008,1,6,201568
"Danny Fortson",200.66,117.93392,Cincinnati,USA,1997,1,10,1504
"Danny Granger",205.74,103.418976,"New Mexico",USA,2005,1,17,101122
"Danny Green",198.12,95.25432,"North Carolina",USA,2009,2,46,201980
"Dante Cunningham",203.2,104.32616,Villanova,USA,2009,2,33,201967
"Dante Exum",198.12,86.18248,None,Australia,2014,1,5,203957
"Danuel House Jr.",200.66,99.79024,"Texas A&M",USA,Undrafted,Undrafted,Undrafted,1627863
"DaQuan Jeffries",195.58,104.32616,None,USA,Undrafted,Undrafted,Undrafted,1629610
"Dario Saric",208.28,101.151016,None,Croatia,2014,1,12,203967
"Darius Bazley",203.2,94.347136,None,USA,2019,1,23,1629647
"Darius Garland",185.42,87.089664,Vanderbilt,USA,2019,1,5,1629636
"Darius Miles",205.74,91.625584,None,USA,2000,1,3,2032
"Darius Morris",193.04,86.18248,Michigan,USA,2011,2,41,202721
"Darius Songaila",205.74,112.490816,"Wake Forest",Lithuania,2002,2,49,2443
"Darius Washington",187.96,88.45044,Memphis,USA,Undrafted,Undrafted,Undrafted,200827
"Darko Milicic",213.36,111.13004,None,Serbia,2003,1,2,2545
"Darnell Jackson",205.74,114.758776,Kansas,USA,2008,2,52,201616
"Darrell Armstrong",185.42,81.64656,"Fayetteville State",USA,Undrafted,Undrafted,Undrafted,353
"Darrell Arthur",205.74,102.0582,Kansas,USA,2008,1,27,201589
"Darren Collison",182.88,72.57472,UCLA,USA,2009,1,21,201954
"Darrick Martin",180.34,77.11064,UCLA,USA,Undrafted,Undrafted,Undrafted,239
"Darryl Watkins",210.82,117.026736,Syracuse,USA,Undrafted,Undrafted,Undrafted,201208
"Darvin Ham",200.66,99.79024,"Texas Tech",USA,Undrafted,Undrafted,Undrafted,1032
"Daryl Macon",190.5,83.91452,Arkansas,USA,Undrafted,Undrafted,Undrafted,1629133
"David Harrison",213.36,127.00576,Colorado,USA,2004,1,29,2758
"David Lee",205.74,112.944408,Florida,USA,2005,1,30,101135
"David Noel",198.12,104.32616,"North Carolina",USA,2006,2,39,200786
"David Nwaba",193.04,94.800728,None,USA,Undrafted,Undrafted,Undrafted,1628021
"David Wesley",185.42,89.811216,Baylor,USA,Undrafted,Undrafted,Undrafted,133
"David West",205.74,108.86208,Xavier,USA,2003,1,18,2561
"Davis Bertans",208.28,95.25432,None,Latvia,2011,2,42,202722
"De'Aaron Fox",190.5,79.3786,Kentucky,USA,2017,1,5,1628368
"Dean Wade",205.74,103.418976,"Kansas State",USA,Undrafted,Undrafted,Undrafted,1629731
"Deandre Ayton",215.9,113.398,Arizona,Bahamas,2018,1,1,1629028
"DeAndre' Bembry",198.12,95.25432,"Saint Joseph's",USA,2016,1,21,1627761
"De'Andre Hunter",200.66,102.0582,Virginia,USA,2019,1,4,1629631
"DeAndre Jordan",210.82,113.398,"Texas A&M",USA,2008,2,35,201599
"DeAndre Liggins",198.12,94.800728,Kentucky,USA,2011,2,53,202732
"De'Anthony Melton",193.04,90.7184,USC,USA,2018,2,46,1629001
"Dee Brown",187.96,87.089664,Jacksonville,USA,1990,1,19,200793
"Dejounte Murray",195.58,77.11064,Washington,USA,2016,1,29,1627749
"DeJuan Blair",200.66,120.20188,Pittsburgh,USA,2009,2,37,201971
"Delon Wright",195.58,86.18248,Utah,USA,2015,1,20,1626153
"Delonte West",193.04,81.64656,"Saint Joseph's",USA,2004,1,24,2753
"DeMar DeRozan",200.66,99.79024,"Southern California",USA,2009,1,9,201942
"DeMarcus Cousins",210.82,122.46984,Kentucky,USA,2010,1,5,202326
"DeMarcus Nelson",193.04,90.7184,Duke,USA,Undrafted,Undrafted,Undrafted,201634
"DeMarre Carroll",203.2,96.161504,Missouri,USA,2009,1,27,201960
"Demetris Nichols",203.2,97.975872,Syracuse,USA,2007,2,53,201193
"Deng Gai",205.74,113.398,Fairfield,"Sudan (UK)",Undrafted,Undrafted,Undrafted,101184
"Dennis Horner",205.74,104.32616,"North Carolina State",USA,Undrafted,Undrafted,Undrafted,202862
"Dennis Schroder",185.42,76.203456,None,Germany,2013,1,17,203471
"Dennis Smith Jr.",190.5,88.45044,"North Carolina State",USA,2017,1,9,1628372
"Denzel Valentine",198.12,96.161504,"Michigan State",USA,2016,1,14,1627756
"Deonte Burton",195.58,111.13004,"Iowa State",USA,Undrafted,Undrafted,Undrafted,1629126
"Derek Anderson",195.58,88.45044,Kentucky,USA,1997,1,13,1507
"Derek Fisher",185.42,90.7184,"Arkansas-Little Rock",USA,1996,1,24,965
"Derek Hood",203.2,104.32616,Arkansas,USA,Undrafted,Undrafted,Undrafted,1967
"DerMarr Johnson",205.74,91.171992,Cincinnati,USA,2000,1,6,2035
"Deron Williams",190.5,95.25432,Illinois,USA,2005,1,3,101114
"Derrick Brown",203.2,102.965384,Xavier,USA,2009,2,40,201974
"Derrick Byars",200.66,99.79024,Vanderbilt,USA,2007,2,42,201182
"Derrick Coleman",208.28,117.93392,Syracuse,USA,1990,1,1,934
"Derrick Dial",193.04,83.460928,"Eastern Michigan",USA,1998,2,52,1760
"Derrick Favors",208.28,111.583632,"Georgia Tech",USA,2010,1,3,202324
"Derrick Jones Jr.",200.66,86.18248,"Nevada-Las Vegas",USA,Undrafted,Undrafted,Undrafted,1627884
"Derrick Rose",190.5,86.18248,Memphis,USA,2008,1,1,201565
"Derrick Walton Jr.",185.42,83.91452,Michigan,USA,Undrafted,Undrafted,Undrafted,1628476
"Derrick White",193.04,86.18248,Colorado,USA,2017,1,29,1628401
"Derrick Williams",203.2,109.315672,Arizona,USA,2011,1,2,202682
"Derrick Zimmerman",190.5,88.45044,"Mississippi State",USA,2003,2,40,2583
"DeSagana Diop",213.36,136.0776,None,Senegal,2001,1,8,2205
"DeShawn Stevenson",195.58,95.25432,None,USA,2000,1,23,2052
"Desmon Farmer",195.58,99.79024,"Southern California",USA,Undrafted,Undrafted,Undrafted,2824
"Desmond Ferguson",200.66,95.25432,"Detroit Mercy",USA,Undrafted,Undrafted,Undrafted,2724
"Desmond Mason",195.58,97.52228,"Oklahoma State",USA,2000,1,17,2046
"Desmond Penigar",200.66,111.13004,"Utah State",USA,Undrafted,Undrafted,Undrafted,2667
"Devean George",203.2,99.79024,Augsburg,USA,1999,1,23,1904
"Devin Booker",198.12,93.439952,Kentucky,USA,2015,1,13,1626164
"Devin Brown",195.58,106.59412,"Texas-San Antonio",USA,Undrafted,Undrafted,Undrafted,2484
"Devin Ebanks",205.74,97.52228,"West Virginia",USA,2010,2,43,202365
"Devin Green",200.66,96.161504,Hampton,USA,Undrafted,Undrafted,Undrafted,101209
"Devin Harris",190.5,83.91452,Wisconsin,USA,2004,1,5,2734
"Devon Hall",187.96,97.52228,Virginia,USA,2018,2,53,1628985
"Devonte' Graham",187.96,83.91452,Kansas,USA,2018,2,34,1628984
"Dewan Hernandez",208.28,106.59412,Miami,USA,2019,2,59,1629608
"Dewayne Dedmon",213.36,115.66596,"Southern California",USA,Undrafted,Undrafted,Undrafted,203473
"Dexter Pittman",210.82,139.706336,Texas,USA,2010,2,32,202354
"Dijon Thompson",200.66,88.45044,UCLA,USA,2005,2,54,101159
"Dikembe Mutombo",218.44,113.398,Georgetown,Congo,1991,1,4,87
"Dillon Brooks",198.12,99.79024,Oregon,Canada,2017,2,45,1628415
"Dion Glover",195.58,103.418976,"Georgia Tech",USA,1999,1,20,1901
"Dion Waiters",193.04,97.52228,Syracuse,USA,2012,1,4,203079
"Dirk Nowitzki",213.36,107.501304,None,Germany,1998,1,9,1717
"DJ Mbenga",213.36,111.13004,None,"Democratic Republic of the Congo",Undrafted,Undrafted,Undrafted,2788
"DJ Strawberry",195.58,91.171992,Maryland,USA,2007,2,59,201199
"DJ White",205.74,113.851592,Indiana,USA,2008,1,29,201591
"Domantas Sabonis",210.82,108.86208,Gonzaga,Lithuania,2016,1,11,1627734
"Dominic McGuire",205.74,99.79024,"Fresno State",USA,2007,2,47,201187
"Dominique Jones",195.58,97.52228,"South Florida",USA,2010,1,25,202346
"Donald Sloan",190.5,92.98636,"Texas A&M",USA,Undrafted,Undrafted,Undrafted,202388
"Donell Taylor",195.58,83.007336,Alabama-Birmingham,USA,Undrafted,Undrafted,Undrafted,101182
"Donnell Harvey",203.2,99.79024,Florida,USA,2000,1,22,2051
"Donovan Mitchell",190.5,97.52228,Louisville,USA,2017,1,13,1628378
"Donta Hall",205.74,103.872568,None,USA,Undrafted,Undrafted,Undrafted,1629743
"Donta Smith",200.66,97.52228,"Southeastern Illinois",USA,2004,2,34,2764
"Donte DiVincenzo",193.04,92.079176,Villanova,USA,2018,1,17,1628978
"Donte Greene",210.82,102.511792,Syracuse,USA,2008,1,28,201590
"Dontell Jefferson",195.58,88.45044,Arkansas,USA,Undrafted,Undrafted,Undrafted,200971
"Donyell Marshall",205.74,104.32616,Connecticut,USA,1994,1,4,923
"Dorell Wright",200.66,95.25432,None,USA,2004,1,19,2748
"Dorian Finney-Smith",203.2,99.79024,Florida,USA,Undrafted,Undrafted,Undrafted,1627827
"Doug Christie",198.12,92.98636,Pepperdine,USA,1992,1,17,57
"Doug McDermott",203.2,102.0582,Creighton,USA,2014,1,11,203926
"Doug Overton",190.5,86.18248,"La Salle",USA,1991,2,40,77
"Dragan Bender",215.9,102.0582,None,Croatia,2016,1,4,1627733
"Draymond Green",200.66,104.32616,"Michigan State",USA,2012,2,35,203110
"Drew Eubanks",208.28,111.13004,None,USA,Undrafted,Undrafted,Undrafted,1629234
"Drew Gooden",208.28,104.32616,Kansas,USA,2002,1,4,2400
"Duncan Robinson",203.2,95.25432,Michigan,USA,Undrafted,Undrafted,Undrafted,1629130
"Dusty Hannahs",193.04,88.45044,Arkansas,USA,Undrafted,Undrafted,Undrafted,1628605
"Dwayne Bacon",200.66,100.243832,"Florida State",USA,2017,2,40,1628407
"Dwayne Jones",210.82,113.398,"Saint Joseph's",USA,Undrafted,Undrafted,Undrafted,101204
"Dwight Howard",210.82,113.398,None,USA,2004,1,1,2730
"Dwight Powell",210.82,108.86208,Stanford,Canada,2014,2,45,203939
"Dwyane Wade",193.04,96.161504,Marquette,USA,2003,1,5,2548
"Dzanan Musa",205.74,94.347136,None,"Bosnia and Herzegovina",2018,1,29,1629058
"Earl Barron",213.36,122.46984,Memphis,USA,Undrafted,Undrafted,Undrafted,2853
"Earl Boykins",165.1,65.77084,"Eastern Michigan",USA,Undrafted,Undrafted,Undrafted,1863
"Earl Clark",208.28,102.0582,Louisville,USA,2009,1,14,201947
"Earl Watson",185.42,86.18248,UCLA,USA,2001,2,39,2248
"Ed Davis",208.28,97.52228,"North Carolina",USA,2010,1,13,202334
"Eddie Basden",195.58,97.52228,"North Carolina-Charlotte",USA,Undrafted,Undrafted,Undrafted,101188
"Eddie Gill",182.88,86.18248,"Weber State",USA,Undrafted,Undrafted,Undrafted,2109
"Eddie Griffin",208.28,99.79024,"Seton Hall",USA,2001,1,7,2204
"Eddie House",185.42,81.64656,"Arizona State",USA,2000,2,37,2067
"Eddie Jones",198.12,86.18248,Temple,USA,1994,1,10,224
"Eddie Robinson",205.74,95.25432,"Central Oklahoma",USA,Undrafted,Undrafted,Undrafted,1944
"Eddy Curry",210.82,129.27372,None,USA,2001,1,4,2201
"Edmond Sumner",195.58,85.275296,Xavier,USA,2017,2,52,1628410
"Eduardo Najera",203.2,106.140528,Oklahoma,Mexico,2000,2,38,2059
"Edwin Ubiles",198.12,92.532768,Siena,"Puerto Rico",Undrafted,Undrafted,Undrafted,202775
"Ekpe Udoh",208.28,111.13004,Baylor,USA,2010,1,6,202327
"Elden Campbell",213.36,113.398,Clemson,USA,1990,1,27,922
"Elfrid Payton",193.04,83.91452,Louisiana-Lafayette,USA,2014,1,10,203901
"Elie Okobo",190.5,86.18248,None,France,2018,2,31,1629059
"Elliot Williams",196,86,Memphis,USA,2010,1,22,202343
"Elton Brand",203.2,117.93392,Duke,USA,1999,1,1,1882
"Emeka Okafor",208.28,114.305184,Connecticut,USA,2004,1,2,2731
"Emmanuel Mudiay",195.58,90.7184,None,"Democratic Republic of the Congo",2015,1,7,1626144
"Enes Kanter",210.82,121.109064,Kentucky,Turkey,2011,1,3,202683
"Eric Bledsoe",185.42,88.45044,Kentucky,USA,2010,1,18,202339
"Eric Dawson",205.74,113.398,"Midwestern State",USA,Undrafted,Undrafted,Undrafted,201286
"Eric Gordon",190.5,100.697424,Indiana,USA,2008,1,7,201569
"Eric Mika",208.28,105.686936,None,USA,Undrafted,Undrafted,Undrafted,1628450
"Eric Paschall",198.12,115.66596,Villanova,USA,2019,2,41,1629672
"Eric Piatkowski",200.66,97.52228,Nebraska,USA,1994,1,15,15
"Eric Snow",190.5,90.7184,"Michigan State",USA,1995,2,43,727
"Eric Williams",203.2,99.79024,Providence,USA,1995,1,14,677
"Erick Dampier",210.82,120.20188,"Mississippi State",USA,1996,1,10,956
"Erick Strickland",190.5,95.25432,Nebraska,USA,Undrafted,Undrafted,Undrafted,1065
"Erik Daniels",203.2,97.068688,Kentucky,USA,Undrafted,Undrafted,Undrafted,2845
"Ernest Brown",213.36,110.676448,"Indian Hills Community College",USA,2000,2,52,2081
"Ersan Ilyasova",205.74,106.59412,None,Turkey,2005,2,36,101141
"Ervin Johnson",210.82,111.13004,"New Orleans",USA,1993,1,23,911
"Esteban Batista",208.28,122.46984,None,Uruguay,Undrafted,Undrafted,Undrafted,101212
"Etan Thomas",208.28,117.93392,Syracuse,USA,2000,1,12,2041
"E'Twaun Moore",193.04,86.636072,Purdue,USA,2011,2,55,202734
"Evan Fournier",198.12,90.7184,None,France,2012,1,20,203095
"Evan Turner",200.66,92.98636,"Ohio State",USA,2010,1,2,202323
"Fabricio Oberto",208.28,111.13004,None,Argentina,Undrafted,Undrafted,Undrafted,101177
"Felipe Lopez",198.12,88.45044,"St. John's (NY)","Dominican Republic",1998,1,24,1732
"Flip Murray",193.04,86.18248,Shaw,USA,2002,2,41,2436
"Francisco Elson",213.36,106.59412,California,Netherlands,1999,2,41,1922
"Francisco Garcia",200.66,88.45044,Louisville,"Dominican Republic",2005,1,23,101128
"Frank Jackson",190.5,92.98636,Duke,USA,2017,2,31,1628402
"Frank Kaminsky",213.36,108.86208,Wisconsin,USA,2015,1,9,1626163
"Frank Mason",180.34,86.18248,Kansas,USA,2017,2,34,1628412
"Frank Ntilikina",195.58,86.18248,None,France,2017,1,8,1628373
"Frank Williams",190.5,92.98636,Illinois,USA,2002,1,25,2421
"Fred Hoiberg",193.04,92.079176,"Iowa State",USA,1995,2,52,697
"Fred Jones",187.96,98.883056,Oregon,USA,2002,1,14,2410
"Fred VanVleet",182.88,88.45044,"Wichita State",USA,Undrafted,Undrafted,Undrafted,1627832
"Fred Vinson",193.04,86.18248,"Georgia Tech",USA,Undrafted,Undrafted,Undrafted,1844
"Furkan Korkmaz",200.66,86.18248,None,Turkey,2016,1,26,1627788
"Gabe Pruitt",193.04,77.11064,"Southern California",USA,2007,2,32,201172
"Gabe Vincent",190.5,90.7184,"Cal-Santa Barbara",USA,Undrafted,Undrafted,Undrafted,1629216
"Garrett Temple",198.12,86.18248,"Louisiana State",USA,Undrafted,Undrafted,Undrafted,202066
"Garrison Mathews",195.58,97.52228,None,USA,Undrafted,Undrafted,Undrafted,1629726
"Gary Clark",203.2,102.0582,None,USA,Undrafted,Undrafted,Undrafted,1629109
"Gary Forbes",200.66,99.79024,Massachusetts,Panama,Undrafted,Undrafted,Undrafted,201814
"Gary Harris",193.04,95.25432,"Michigan State",USA,2014,1,19,203914
"Gary Neal",193.04,95.25432,Towson,USA,Undrafted,Undrafted,Undrafted,202390
"Gary Payton",193.04,86.18248,"Oregon State",USA,1990,1,2,56
"Gary Payton II",190.5,86.18248,"Oregon State",USA,Undrafted,Undrafted,Undrafted,1627780
"Gary Trent",203.2,113.398,Ohio,USA,1995,1,11,718
"Gary Trent Jr.",198.12,92.98636,None,USA,Undrafted,Undrafted,Undrafted,1629018
"Geno Carlisle",190.5,90.7184,California,USA,Undrafted,Undrafted,Undrafted,2367
"George Hill",187.96,81.64656,"Indiana Purdue-Indianapolis",USA,2008,1,26,201588
"George Lynch",203.2,103.418976,"North Carolina",USA,1993,1,12,248
"Georges Niang",203.2,104.32616,"Iowa State",USA,2016,2,50,1627777
"Gerald Fitch",190.5,85.275296,Kentucky,USA,Undrafted,Undrafted,Undrafted,2809
"Gerald Green",203.2,90.7184,None,USA,2005,1,18,101123
"Gerald Henderson",195.58,97.52228,Duke,USA,2009,1,12,201945
"Gerald Wallace",200.66,97.52228,Alabama,USA,2001,1,25,2222
"Giannis Antetokounmpo",205.74,92.98636,None,Greece,2013,1,15,203507
"Gilbert Arenas",190.5,86.636072,Arizona,USA,2001,2,30,2240
"Glen Davis",205.74,131.088088,"Louisiana State",USA,2007,2,35,201175
"Glen Rice",203.2,99.79024,Michigan,USA,1989,1,4,779
"Glenn Robinson",200.66,106.59412,Purdue,USA,1994,1,1,299
"Glenn Robinson III",200.66,100.697424,Michigan,USA,2014,2,40,203922
"Goga Bitadze",210.82,113.398,None,Georgia,2019,1,18,1629048
"Goran Dragic",193.04,81.64656,None,Slovenia,2008,2,45,201609
"Gordan Giricek",198.12,97.975872,None,Croatia,1999,2,40,1921
"Gordon Hayward",203.2,93.893544,Butler,USA,2010,1,9,202330
"Gorgui Dieng",210.82,107.954896,Louisville,Senegal,2013,1,21,203476
"Grant Hill",203.2,102.0582,Duke,USA,1994,1,3,255
"Grant Williams",198.12,107.047712,Tennessee,USA,2019,1,22,1629684
"Grayson Allen",195.58,89.811216,Duke,USA,2018,1,21,1628960
"Greg Buckner",193.04,95.25432,Clemson,USA,1998,2,53,1761
"Greg Monroe",210.82,113.398,Georgetown,USA,2010,1,7,202328
"Greg Oden",213.36,129.27372,"Ohio State",USA,2007,1,1,201141
"Greg Ostertag",218.44,127.00576,Kansas,USA,1995,1,28,731
"Greg Smith",208.28,113.398,"Fresno State",USA,Undrafted,Undrafted,Undrafted,202962
"Greg Stiemsma",210.82,117.93392,Wisconsin,USA,Undrafted,Undrafted,Undrafted,201880
"Greivis Vasquez",198.12,95.707912,Maryland,Venezuela,2010,1,28,202349
"Guillermo Diaz",187.96,83.91452,"Miami (FL)",USA,2006,2,52,200799
"Gustavo Ayon",208.28,113.398,None,Mexico,Undrafted,Undrafted,Undrafted,202970
"Ha Ha",220.98,138.34556,"Yonsei (KOR)","South Korea",2004,2,46,2775
"Hakim Warrick",205.74,99.336648,Syracuse,USA,2005,1,19,101124
"Hamed Haddadi",218.44,115.212368,None,Iran,Undrafted,Undrafted,Undrafted,201632
"Hamidou Diallo",195.58,89.811216,Kentucky,USA,2018,2,45,1628977
"Harrison Barnes",203.2,95.25432,"North Carolina",USA,2012,1,7,203084
"Harry Giles III",208.28,108.86208,Duke,USA,2017,1,20,1628385
"Hasheem Thabeet",220.98,121.109064,Connecticut,Tanzania,2009,1,2,201934
"Hassan Adams",193.04,99.79024,Arizona,USA,2006,2,54,200801
"Hassan Whiteside",213.36,106.59412,Marshall,USA,2010,2,33,202355
"Hedo Turkoglu",203.2,99.79024,None,Turkey,2000,1,16,2045
"Henry Ellenson",210.82,111.13004,Marquette,USA,2016,1,18,1627740
"Henry Walker",198.12,99.79024,"Kansas State",USA,2008,2,47,201611
"Hilton Armstrong",210.82,106.59412,Connecticut,USA,2006,1,12,200756
"Hiram Fuller",205.74,108.86208,"Fresno State",USA,Undrafted,Undrafted,Undrafted,2673
"Horace Grant",208.28,111.13004,Clemson,USA,1987,1,10,270
"Horace Jenkins",185.42,81.64656,"William Paterson",USA,Undrafted,Undrafted,Undrafted,2798
"Howard Eisley",187.96,80.285784,"Boston College",USA,1994,2,30,458
"Hubert Davis",195.58,83.007336,"North Carolina",USA,1992,1,20,93
"Ian Mahinmi",210.82,104.32616,None,France,2005,1,28,101133
"Ibrahim Kutluay",198.12,90.7184,None,USA,Undrafted,Undrafted,Undrafted,2825
"Ignas Brazdeikis",198.12,100.243832,Michigan,Lithuania,2019,2,47,1629649
"Ike Diogu",203.2,115.66596,"Arizona State",USA,2005,1,9,101113
"Iman Shumpert",195.58,99.79024,"Georgia Tech",USA,2011,1,17,202697
"Ime Udoka",195.58,97.52228,"Portland State",USA,Undrafted,Undrafted,Undrafted,2137
"Ira Newble",200.66,97.52228,"Miami (OH)",USA,Undrafted,Undrafted,Undrafted,1956
"Isaac Bonga",203.2,81.64656,None,Germany,2018,2,39,1629067
"Isaiah Hartenstein",213.36,112.944408,None,Germany,2017,2,43,1628392
"Isaiah Roby",203.2,104.32616,"University of Nebraska-Lincoln",USA,2019,2,45,1629676
"Isaiah Thomas",175.26,83.91452,Washington,USA,2011,2,60,202738
"Ish Smith",182.88,79.3786,"Wake Forest",USA,Undrafted,Undrafted,Undrafted,202397
"Ivan Johnson",203.2,115.66596,"Cal State-San Bernardino",USA,Undrafted,Undrafted,Undrafted,201274
"Ivan McFarlin",200.66,103.872568,"Oklahoma State",USA,Undrafted,Undrafted,Undrafted,200829
"Ivica Zubac",215.9,108.86208,None,Croatia,2016,2,32,1627826
"J.J. Barea",182.88,79.3786,Northeastern,"Puerto Rico",Undrafted,Undrafted,Undrafted,200826
"J.P. Macura",195.58,92.98636,Xavier,USA,Undrafted,Undrafted,Undrafted,1629122
"J.R. Bremer",187.96,83.91452,"St. Bonaventure",USA,Undrafted,Undrafted,Undrafted,2452
"J.R. Giddens",195.58,97.52228,"New Mexico",USA,2008,1,30,201592
"Ja Morant",190.5,78.925008,"Murray State",USA,2019,1,2,1629630
"Jabari Parker",203.2,108.86208,Duke,USA,2014,1,2,203953
"Jabari Smith",210.82,113.398,"Louisiana State",USA,2000,2,45,2074
"Jackie Butler",208.28,113.398,"Southern Illinois",USA,Undrafted,Undrafted,Undrafted,2866
"Jackson Vroman",208.28,99.79024,"Iowa State",USA,2004,2,31,2761
"Jacob Evans",198.12,95.25432,Cincinnati,USA,2018,1,28,1628980
"Jacque Vaughn",185.42,86.18248,Kansas,USA,1997,1,27,1521
"Jae Crowder",198.12,106.59412,Marquette,USA,2012,2,34,203109
"Jahidi White",205.74,131.54168,Georgetown,USA,1998,2,43,1751
"Jahlil Okafor",210.82,124.7378,Duke,USA,2015,1,3,1626143
"JaJuan Johnson",208.28,100.243832,Purdue,USA,2011,1,27,202707
"JaKarr Sampson",205.74,97.068688,"St. John's (NY)",USA,Undrafted,Undrafted,Undrafted,203960
"Jake Layman",205.74,95.25432,Maryland,USA,2016,2,47,1627774
"Jake Tsakalidis",218.44,129.27372,None,Greece,2000,1,25,2054
"Jake Voskuhl",210.82,111.13004,Connecticut,USA,2000,2,33,2063
"Jakob Poeltl",213.36,104.32616,Utah,Austria,2016,1,9,1627751
"Jalen Brunson",190.5,86.18248,Villanova,USA,2018,2,33,1628973
"Jalen Lecque",193.04,83.91452,None,USA,Undrafted,Undrafted,Undrafted,1629665
"Jalen McDaniels",208.28,92.98636,"San Diego State",USA,2019,2,52,1629667
"Jalen Rose",203.2,95.25432,Michigan,USA,1994,1,13,147
"Jamaal Magloire",208.28,117.93392,Kentucky,Canada,2000,1,19,2048
"Jamaal Tinsley",190.5,88.45044,"Iowa State",USA,2001,1,27,2224
"Jamal Crawford",195.58,90.7184,Michigan,USA,2000,1,8,2037
"Jamal Mashburn",203.2,113.398,Kentucky,USA,1993,1,4,469
"Jamal Murray",193.04,93.893544,Kentucky,Canada,2016,1,7,1627750
"Jamal Sampson",210.82,106.59412,California,USA,2002,2,46,2441
"Jamario Moon",203.2,92.98636,"Meridian Community College",USA,Undrafted,Undrafted,Undrafted,200081
"Jameer Nelson",182.88,86.18248,"Saint Joseph's",USA,2004,1,20,2749
"James Anderson",198.12,97.52228,"Oklahoma State",USA,2010,1,20,202341
"James Augustine",208.28,106.59412,Illinois,USA,2006,2,41,200788
"James Ennis III",200.66,94.347136,"Long Beach State",USA,2013,2,50,203516
"James Harden",195.58,99.79024,"Arizona State",USA,2009,1,3,201935
"James Johnson",205.74,111.13004,"Wake Forest",USA,2009,1,16,201949
"James Jones",203.2,97.52228,"Miami (FL)",USA,2003,2,49,2592
"James Lang",208.28,138.34556,None,USA,2003,2,48,2591
"James Posey",203.2,97.52228,Xavier,USA,1999,1,18,1899
"James Singleton",203.2,97.52228,"Murray State",USA,Undrafted,Undrafted,Undrafted,101189
"James Thomas",203.2,106.59412,Texas,USA,Undrafted,Undrafted,Undrafted,2839
"James White",200.66,90.7184,Cincinnati,USA,2006,2,31,200778
"JamesOn Curry",190.5,86.18248,"Oklahoma State",USA,2007,2,51,201191
"Jamison Brewer",187.96,80.739376,Auburn,USA,2001,2,40,2249
"JaMychal Green",203.2,104.32616,Alabama,USA,Undrafted,Undrafted,Undrafted,203210
"Jan Vesely",210.82,108.86208,None,"Czech Republic",2011,1,6,202686
"Jannero Pargo",187.96,77.11064,Arkansas,USA,Undrafted,Undrafted,Undrafted,2457
"Jared Dudley",200.66,102.0582,"Boston College",USA,2007,1,22,201162
"Jared Harper",177.8,79.3786,None,USA,Undrafted,Undrafted,Undrafted,1629607
"Jared Jeffries",210.82,104.32616,Indiana,USA,2002,1,11,2407
"Jared Reiner",210.82,115.66596,Iowa,USA,Undrafted,Undrafted,Undrafted,2876
"Jaren Jackson Jr.",210.82,109.769264,"Michigan State",USA,2018,1,4,1628991
"Jarred Vanderbilt",205.74,97.068688,Kentucky,USA,2018,2,41,1629020
"Jarrell Brantley",195.58,113.398,"College of Charleston",USA,2019,2,50,1629714
"Jarrett Allen",210.82,106.140528,Texas,USA,2017,1,22,1628386
"Jarrett Culver",198.12,88.45044,"Texas Tech",USA,2019,1,6,1629633
"Jarrett Jack",190.5,91.625584,"Georgia Tech",USA,2005,1,22,101127
"Jarrod Uthoff",205.74,100.243832,Iowa,USA,Undrafted,Undrafted,Undrafted,1627784
"Jarron Collins",210.82,114.305184,Stanford,USA,2001,2,52,2260
"Jarvis Hayes",200.66,99.79024,Georgia,USA,2003,1,10,2553
"Jason Collier",213.36,117.93392,"Georgia Tech",USA,2000,1,15,2044
"Jason Collins",213.36,117.93392,Stanford,USA,2001,1,18,2215
"Jason Hart",187.96,82.100152,Syracuse,USA,2000,2,49,2078
"Jason Kapono",203.2,96.615096,UCLA,USA,2003,2,31,2574
"Jason Kidd",193.04,94.347136,California,USA,1994,1,2,467
"Jason Maxiell",200.66,117.93392,Cincinnati,USA,2005,1,26,101131
"Jason Miskiri",187.96,83.91452,"George Mason",USA,Undrafted,Undrafted,Undrafted,1954
"Jason Richardson",198.12,99.79024,"Michigan State",USA,2001,1,5,2202
"Jason Sasser",200.66,102.0582,"Texas Tech",USA,1996,2,41,987
"Jason Smith",213.36,108.86208,"Colorado State",USA,2007,1,20,201160
"Jason Terry",187.96,78.017824,Arizona,USA,1999,1,10,1891
"Jason Thompson",210.82,113.398,Rider,USA,2008,1,12,201574
"Jason Williams",185.42,86.18248,Florida,USA,1998,1,7,1715
"JaVale McGee",213.36,107.501304,Nevada,USA,2008,1,18,201580
"Javaris Crittenton",195.58,90.7184,"Georgia Tech",USA,2007,1,19,201159
"Javonte Green",193.04,92.98636,"Radford University",USA,Undrafted,Undrafted,Undrafted,1629750
"Jawad Williams",205.74,98.883056,"North Carolina",USA,Undrafted,Undrafted,Undrafted,101214
"Jaxson Hayes",210.82,99.79024,Texas,USA,2019,1,8,1629637
"Jay Williams",187.96,88.45044,Duke,USA,2002,1,2,2398
"Jaylen Brown",200.66,102.0582,California,USA,2016,1,3,1627759
"Jaylen Hoard",203.2,97.975872,None,France,Undrafted,Undrafted,Undrafted,1629658
"Jaylen Nowell",193.04,91.171992,Washington,USA,2019,2,43,1629669
"Jayson Tatum",203.2,92.98636,Duke,USA,2017,1,3,1628369
"Jeff Ayres",205.74,108.86208,"Arizona State",USA,2009,2,31,201965
"Jeff Foote",213.36,120.20188,Cornell,USA,Undrafted,Undrafted,Undrafted,202880
"Jeff Foster",210.82,107.954896,"Texas State",USA,1999,1,21,1902
"Jeff Green",205.74,106.59412,Georgetown,USA,2007,1,5,201145
"Jeff McInnis",193.04,86.18248,"North Carolina",USA,1996,2,37,976
"Jeff Teague",187.96,81.64656,"Wake Forest",USA,2009,1,19,201952
"Jeff Trepagnier",193.04,90.7184,"Southern California",USA,2001,2,35,2244
"Jelani McCoy",208.28,111.13004,UCLA,USA,1998,2,33,1741
"Jerami Grant",203.2,95.25432,Syracuse,USA,2014,2,39,203924
"Jeremiah Martin",187.96,83.91452,Memphis,USA,Undrafted,Undrafted,Undrafted,1629725
"Jeremy Evans",205.74,88.904032,"Western Kentucky",USA,2010,2,55,202379
"Jeremy Lamb",195.58,81.64656,Connecticut,USA,2012,1,12,203087
"Jeremy Lin",190.5,90.7184,Harvard,USA,Undrafted,Undrafted,Undrafted,202391
"Jeremy Pargo",187.96,99.336648,Gonzaga,USA,Undrafted,Undrafted,Undrafted,202951
"Jeremy Richardson",200.66,88.45044,"Delta State",USA,Undrafted,Undrafted,Undrafted,200978
"Jeremy Tyler",208.28,117.93392,None,USA,2011,2,39,202719
"Jermaine Jackson",195.58,92.532768,"Detroit Mercy",USA,Undrafted,Undrafted,Undrafted,1983
"Jermaine O'Neal",210.82,102.511792,None,USA,1996,1,17,979
"Jermareo Davidson",208.28,104.32616,Alabama,USA,2007,2,36,201176
"Jerome Beasley",205.74,107.501304,"North Dakota",USA,2003,2,33,2602
"Jerome Dyson",190.5,81.64656,Connecticut,USA,Undrafted,Undrafted,Undrafted,202406
"Jerome James",215.9,136.0776,"Florida A&M",USA,1998,2,36,1744
"Jerome Jordan",213.36,108.86208,Tulsa,Jamaica,2010,2,44,202366
"Jerome Moiso",208.28,105.233344,UCLA,France,2000,1,11,2040
"Jerome Robinson",195.58,86.18248,"Boston College",USA,2018,1,13,1629010
"Jerome Williams",205.74,93.439952,Georgetown,USA,1996,1,26,966
"Jerry Smith",187.96,86.18248,Louisville,USA,1963,2,12,202536
"Jerry Stackhouse",198.12,98.883056,"North Carolina",USA,1995,1,3,711
"Jerryd Bayless",190.5,90.7184,Arizona,USA,2008,1,11,201573
"Jevon Carter",187.96,88.904032,"West Virginia",USA,2018,2,32,1628975
"Jim Jackson",198.12,97.52228,"Ohio State",USA,1992,1,4,754
"Jimmer Fredette",187.96,88.45044,"Brigham Young",USA,2011,1,10,202690
"Jimmy Butler",200.66,99.79024,Marquette,USA,2011,1,30,202710
"Jiri Welsch",200.66,94.347136,None,"Czech Republic",2002,1,16,2412
"JJ Hickson",205.74,109.769264,"North Carolina State",USA,2008,1,19,201581
"JJ Redick",193.04,86.18248,Duke,USA,2006,1,11,200755
"Joakim Noah",210.82,105.233344,Florida,USA,2007,1,9,201149
"Jodie Meeks",193.04,94.347136,Kentucky,USA,2009,2,41,201975
"Joe Alexander",203.2,104.32616,"West Virginia",USA,2008,1,8,201570
"Joe Chealey",190.5,86.18248,"College of Charleston",USA,Undrafted,Undrafted,Undrafted,1629147
"Joe Crawford",195.58,95.25432,Kentucky,USA,2008,2,58,201621
"Joe Crispin",182.88,83.91452,"Penn State",USA,Undrafted,Undrafted,Undrafted,2343
"Joe Harris",198.12,102.0582,Virginia,USA,2014,2,33,203925
"Joe Ingles",203.2,97.975872,None,Australia,Undrafted,Undrafted,Undrafted,204060
"Joe Johnson",200.66,102.0582,Arkansas,USA,2001,1,10,2207
"Joe Smith",208.28,102.0582,Maryland,USA,1995,1,1,693
"Joel Anthony",205.74,111.13004,"Nevada-Las Vegas",Canada,Undrafted,Undrafted,Undrafted,201202
"Joel Embiid",213.36,113.398,Kansas,Cameroon,2014,1,3,203954
"Joel Przybilla",215.9,115.66596,Minnesota,USA,2000,1,9,2038
"Joey Dorsey",203.2,121.562656,Memphis,USA,2008,2,33,201595
"Joey Graham",200.66,102.0582,"Oklahoma State",USA,2005,1,16,101121
"Johan Petro",213.36,112.037224,None,France,2005,1,25,101130
"John Amaechi",208.28,122.46984,"Penn State",England,Undrafted,Undrafted,Undrafted,680
"John Collins",208.28,106.59412,"Wake Forest",USA,2017,1,19,1628381
"John Edwards",213.36,124.7378,"Kent State",USA,Undrafted,Undrafted,Undrafted,2823
"John Henson",210.82,99.79024,"North Carolina",USA,2012,1,14,203089
"John Konchar",195.58,95.25432,None,USA,Undrafted,Undrafted,Undrafted,1629723
"John Lucas III",180.34,81.64656,"Oklahoma State",USA,Undrafted,Undrafted,Undrafted,101249
"John Salmons",200.66,95.25432,"Miami (FL)",USA,2002,1,26,2422
"John Thomas",205.74,120.20188,Minnesota,USA,1997,1,25,1519
"John Wall",193.04,88.45044,Kentucky,USA,2010,1,1,202322
"John Wallace",205.74,102.0582,Syracuse,USA,1996,1,18,961
"Johnathan Motley",208.28,104.32616,Baylor,USA,Undrafted,Undrafted,Undrafted,1628405
"Johnathan Williams",205.74,103.418976,Gonzaga,USA,Undrafted,Undrafted,Undrafted,1629140
"Jon Barry",195.58,92.98636,"Georgia Tech",USA,1992,1,21,468
"Jon Brockman",200.66,115.66596,Washington,USA,2009,2,38,201972
"Jon Leuer",208.28,103.418976,Wisconsin,USA,2011,2,40,202720
"Jonah Bolden",208.28,99.79024,None,Australia,2017,2,36,1628413
"Jonas Jerebko",208.28,104.779752,None,Sweden,2009,2,39,201973
"Jonas Valanciunas",210.82,104.779752,None,Lithuania,2011,1,5,202685
"Jonathan Bender",210.82,91.625584,None,USA,1999,1,5,1886
"Jonathan Isaac",208.28,95.25432,"Florida State",USA,2017,1,6,1628371
"Jonny Flynn",182.88,83.91452,Syracuse,USA,2009,1,6,201938
"Jordan Bell",205.74,101.604608,Oregon,USA,2017,2,38,1628395
"Jordan Bone",190.5,81.64656,Tennessee,USA,2019,2,57,1629648
"Jordan Clarkson",195.58,83.91452,Missouri,USA,2014,2,46,203903
"Jordan Crawford",193.04,88.45044,Xavier,USA,2010,1,27,202348
"Jordan Farmar",187.96,81.64656,UCLA,USA,2006,1,26,200770
"Jordan Hamilton",200.66,99.79024,Texas,USA,2011,1,26,202706
"Jordan Hill",208.28,106.59412,Arizona,USA,2009,1,8,201941
"Jordan McLaughlin",180.34,83.91452,USC,USA,Undrafted,Undrafted,Undrafted,1629162
"Jordan McRae",195.58,81.192968,Tennessee,USA,2014,2,58,203895
"Jordan Poole",193.04,87.996848,Michigan,USA,2019,1,28,1629673
"Jordan Williams",208.28,117.93392,Maryland,USA,2011,2,36,202716
"Jorge Garbajosa",205.74,111.13004,None,USA,Undrafted,Undrafted,Undrafted,200816
"Jose Calderon",190.5,95.25432,None,Spain,Undrafted,Undrafted,Undrafted,101181
"Josh Boone",208.28,111.13004,Connecticut,USA,2006,1,23,200767
"Josh Childress",203.2,95.25432,Stanford,USA,2004,1,6,2735
"Josh Davis",203.2,108.86208,Wyoming,USA,Undrafted,Undrafted,Undrafted,2668
"Josh Gray",185.42,81.64656,None,USA,Undrafted,Undrafted,Undrafted,1627982
"Josh Harrellson",208.28,124.7378,Kentucky,USA,2011,2,45,202725
"Josh Hart",195.58,97.52228,Villanova,USA,2017,1,30,1628404
"Josh Howard",200.66,95.25432,"Wake Forest",USA,2003,1,29,2572
"Josh Jackson",203.2,90.7184,Kansas,USA,2017,1,4,1628367
"Josh Magette",185.42,72.57472,"Alabama Huntsville",USA,Undrafted,Undrafted,Undrafted,203705
"Josh McRoberts",208.28,108.86208,Duke,USA,2007,2,37,201177
"Josh Okogie",193.04,96.161504,"Georgia Institute of Technology",Nigeria,2018,1,20,1629006
"Josh Powell",205.74,102.0582,"North Carolina State",USA,Undrafted,Undrafted,Undrafted,2694
"Josh Reaves",193.04,97.068688,"Penn State",USA,Undrafted,Undrafted,Undrafted,1629729
"Josh Richardson",198.12,90.7184,Tennessee,USA,2015,2,40,1626196
"Josh Selby",187.96,83.007336,Kansas,USA,2011,2,49,202729
"Josh Smith",205.74,102.0582,None,USA,2004,1,17,2746
"JR Smith",198.12,99.79024,None,USA,2004,1,18,2747
"Jrue Holiday",193.04,81.64656,UCLA,USA,2009,1,17,201950
"Juan Carlos Navarro",190.5,77.11064,None,Spain,2002,2,39,2434
"Juan Dixon",190.5,74.389088,Maryland,USA,2002,1,17,2413
"Juan Toscano-Anderson",198.12,94.800728,None,USA,Undrafted,Undrafted,Undrafted,1629308
"Juancho Hernangomez",205.74,104.32616,None,Spain,2016,1,15,1627823
"Juaquin Hawkins",200.66,92.98636,"Long Beach State",USA,Undrafted,Undrafted,Undrafted,1038
"Julian Wright",203.2,102.0582,Kansas,USA,2007,1,13,201153
"Julius Hodge",200.66,95.25432,"North Carolina State",USA,2005,1,20,101125
"Julius Randle",205.74,113.398,Kentucky,USA,2014,1,7,203944
"Julyan Stone",198.12,90.7184,"Texas-El Paso",USA,Undrafted,Undrafted,Undrafted,202933
"Jumaine Jones",203.2,98.883056,Georgia,USA,1999,1,27,1908
"Junior Harrington",193.04,86.18248,Wingate,USA,Undrafted,Undrafted,Undrafted,2454
"Justin Anderson",198.12,103.418976,Virginia,USA,2015,1,21,1626147
"Justin Dentmon",180.34,83.91452,Washington,USA,Undrafted,Undrafted,Undrafted,202458
"Justin Hamilton",213.36,115.66596,"Louisiana State",USA,2012,2,45,2636
"Justin Harper",208.28,102.0582,Richmond,USA,2011,2,32,202712
"Justin Holiday",198.12,83.91452,Washington,USA,Undrafted,Undrafted,Undrafted,203200
"Justin Jackson",203.2,95.25432,"North Carolina",USA,2017,1,15,1628382
"Justin James",200.66,86.18248,Wyoming,USA,2019,2,40,1629713
"Justin Patton",213.36,107.047712,Creighton,USA,2017,1,16,1628383
"Justin Reed",203.2,108.86208,Mississippi,USA,2004,2,40,2770
"Justin Robinson",185.42,88.45044,None,USA,Undrafted,Undrafted,Undrafted,1629620
"Justin Williams",208.28,104.32616,Wyoming,USA,Undrafted,Undrafted,Undrafted,200818
"Justin Wright-Foreman",182.88,86.18248,Hofstra,USA,2019,2,53,1629625
"Justise Winslow",200.66,102.0582,Duke,USA,2015,1,10,1626159
"Jusuf Nurkic",210.82,127.00576,None,"Bosnia & Herzegovina",2014,1,16,203994
"Juwan Howard",205.74,113.398,Michigan,USA,1994,1,5,436
"Juwan Morgan",200.66,105.233344,Indiana,USA,Undrafted,Undrafted,Undrafted,1629752
"Kadeem Allen",190.5,90.7184,Arizona,USA,2017,2,53,1628443
"Kaniel Dickens",203.2,97.52228,Idaho,USA,2000,2,50,2079
"Kareem Rush",198.12,97.52228,Missouri,USA,2002,1,20,2416
"Karl Malone",205.74,116.119552,"Louisiana Tech",USA,1985,1,13,252
"Karl-Anthony Towns",213.36,110.676448,Kentucky,USA,2015,1,1,1626157
"Kasib Powell",200.66,97.52228,"Texas Tech",USA,Undrafted,Undrafted,Undrafted,2867
"Kawhi Leonard",200.66,102.0582,"San Diego State",USA,2011,1,15,202695
"Kedrick Brown",200.66,100.697424,"Northwest Florida State",USA,2001,1,11,2208
"Keita Bates-Diop",205.74,103.872568,"Ohio State",USA,2018,2,48,1628966
"Keith Benson",210.82,104.32616,Oakland,USA,2011,2,48,202728
"Keith Bogans",195.58,97.52228,Kentucky,USA,2003,2,43,2586
"Keith Langford",193.04,97.52228,Kansas,USA,Undrafted,Undrafted,Undrafted,101247
"Keith McLeod",187.96,86.18248,"Bowling Green",USA,Undrafted,Undrafted,Undrafted,2693
"Keith Van Horn",208.28,99.79024,Utah,USA,1997,1,2,1496
"Kelan Martin",195.58,104.32616,None,USA,Undrafted,Undrafted,Undrafted,1629103
"Keldon Johnson",195.58,99.79024,Kentucky,USA,2019,1,29,1629640
"Kelenna Azubuike",195.58,99.79024,Kentucky,England,Undrafted,Undrafted,Undrafted,101235
"Kelly Olynyk",213.36,107.954896,Gonzaga,Canada,2013,1,13,203482
"Kelly Oubre Jr.",200.66,92.98636,Kansas,USA,2015,1,15,1626162
"Kelvin Cato",210.82,115.66596,"Iowa State",USA,1997,1,15,1509
"Kemba Walker",185.42,83.460928,Connecticut,USA,2011,1,9,202689
"Ken Johnson",208.28,108.86208,"Ohio State",USA,2001,2,48,2256
"Kendall Gill",195.58,97.975872,Illinois,USA,1990,1,5,383
"Kendrick Nunn",187.96,86.18248,Oakland,USA,Undrafted,Undrafted,Undrafted,1629134
"Kendrick Perkins",208.28,127.00576,None,USA,2003,1,27,2570
"Kenneth Faried",203.2,103.418976,"Morehead State",USA,2011,1,22,202702
"Kenny Anderson",185.42,76.203456,"Georgia Tech",USA,1991,1,2,72
"Kenny Thomas",203.2,117.93392,"New Mexico",USA,1999,1,22,1903
"Kenrich Williams",200.66,95.25432,None,USA,Undrafted,Undrafted,Undrafted,1629026
"Kent Bazemore",195.58,91.171992,"Old Dominion",USA,Undrafted,Undrafted,Undrafted,203145
"Kentavious Caldwell-Pope",195.58,92.98636,Georgia,USA,2013,1,8,203484
"Kenyon Martin",205.74,104.32616,Cincinnati,USA,2000,1,1,2030
"Keon Clark",210.82,99.79024,"Nevada-Las Vegas",USA,1998,1,13,1721
"Kerry Kittles",195.58,81.192968,Villanova,USA,1996,1,8,954
"Kevin Burleson",190.5,92.98636,Minnesota,USA,Undrafted,Undrafted,Undrafted,101207
"Kevin Durant",205.74,97.52228,Texas,USA,2007,1,2,201142
"Kevin Garnett",210.82,99.79024,None,USA,1995,1,5,708
"Kevin Hervey",205.74,104.32616,Texas-Arlington,USA,2018,2,57,1628987
"Kevin Huerter",200.66,86.18248,Maryland,USA,2018,1,19,1628989
"Kevin Knox II",205.74,97.52228,Kentucky,USA,2018,1,9,1628995
"Kevin Love",208.28,117.93392,UCLA,USA,2008,1,5,201567
"Kevin Martin",200.66,83.91452,"Western Carolina",USA,2004,1,26,2755
"Kevin Ollie",193.04,88.45044,Connecticut,USA,Undrafted,Undrafted,Undrafted,1563
"Kevin Porter Jr.",193.04,92.079176,USC,USA,2019,1,30,1629645
"Kevin Seraphin",205.74,124.7378,"Le Moyne",France,2010,1,17,202338
"Kevin Willis",213.36,111.13004,"Michigan State",USA,1984,1,11,788
"Kevinn Pinkney",208.28,111.13004,Nevada,USA,Undrafted,Undrafted,Undrafted,200838
"Kevon Looney",205.74,99.79024,UCLA,USA,2015,1,30,1626172
"Keyon Dooling",195.58,87.543256,Missouri,USA,2000,1,10,2039
"Khem Birch",205.74,99.79024,UNLV,Canada,Undrafted,Undrafted,Undrafted,203920
"Khris Middleton",200.66,97.52228,"Texas A&M",USA,2012,2,39,203114
"Khyri Thomas",190.5,95.25432,Creighton,USA,2018,2,38,1629017
"Kirk Hinrich",190.5,86.18248,Kansas,USA,2003,1,7,2550
"Kirk Penney",195.58,99.79024,Wisconsin,USA,Undrafted,Undrafted,Undrafted,2632
"Kirk Snyder",198.12,102.0582,Nevada,USA,2004,1,16,2745
"Klay Thompson",200.66,92.98636,"Washington State",USA,2011,1,11,202691
"Kobe Bryant",200.66,90.7184,None,USA,1996,1,13,977
"Kosta Koufos",213.36,120.20188,"Ohio State",USA,2008,1,23,201585
"Kosta Perovic",218.44,108.86208,None,USA,2006,2,38,200785
"Kostas Antetokounmpo",208.28,90.7184,"University of Dayton",Greece,2018,2,60,1628961
"Kris Dunn",193.04,92.98636,Providence,USA,2016,1,5,1627739
"Kris Humphries",205.74,106.59412,Minnesota,USA,2004,1,14,2743
"Kristaps Porzingis",220.98,108.86208,None,Latvia,2015,1,4,204001
"Kurt Thomas",205.74,106.59412,"Texas Christian",USA,1995,1,10,703
"Kwame Brown",210.82,110.222856,None,USA,2001,1,1,2198
"Ky Bowman",185.42,84.821704,None,USA,Undrafted,Undrafted,Undrafted,1629065
"Kyle Anderson",205.74,104.32616,UCLA,USA,2014,1,30,203937
"Kyle Guy",185.42,75.749864,Virginia,USA,2019,2,55,1629657
"Kyle Korver",200.66,95.25432,Creighton,USA,2003,2,51,2594
"Kyle Kuzma",205.74,99.79024,Utah,USA,2017,1,27,1628398
"Kyle Lowry",182.88,79.3786,Villanova,USA,2006,1,24,200768
"Kyle O'Quinn",208.28,108.86208,"Norfolk State",USA,2012,2,49,203124
"Kyle Weaver",198.12,91.171992,"Washington State",USA,2008,2,38,201602
"Kyrie Irving",190.5,86.636072,Duke,Australia,2011,1,1,202681
"Kyrylo Fesenko",215.9,130.634496,None,Ukraine,2007,2,38,201178
"KZ Okpala",203.2,97.52228,Stanford,USA,2019,2,32,1629644
"Lamar Odom",208.28,99.79024,"Rhode Island",USA,1999,1,4,1885
"LaMarcus Aldridge",210.82,111.13004,Texas,USA,2006,1,2,200746
"Lamond Murray",200.66,107.047712,California,USA,1994,1,7,441
"Lance Allred",210.82,113.398,"Weber State",USA,Undrafted,Undrafted,Undrafted,200984
"Lance Stephenson",195.58,95.25432,Cincinnati,USA,2010,2,40,202362
"Lance Thomas",203.2,102.0582,Duke,USA,Undrafted,Undrafted,Undrafted,202498
"Landry Fields",200.66,95.25432,Stanford,USA,2010,2,39,202361
"Landry Shamet",195.58,85.275296,"Wichita State",USA,2018,1,26,1629013
"Langston Galloway",187.96,90.7184,"Saint Joseph's",USA,Undrafted,Undrafted,Undrafted,204038
"Laron Profit",195.58,92.532768,Maryland,USA,1999,2,38,1919
"Larry Hughes",195.58,83.91452,"Saint Louis",USA,1998,1,8,1716
"Larry Nance Jr.",205.74,104.32616,Wyoming,USA,2015,1,27,1626204
"Larry Sanders",210.82,106.59412,"Virginia Commonwealth",USA,2010,1,15,202336
"Latrell Sprewell",195.58,86.18248,Alabama,USA,1992,1,24,84
"Lauri Markkanen",213.36,104.32616,Arizona,Finland,2017,1,7,1628374
"Lavor Postell",195.58,92.98636,"St. John's (NY)",USA,2000,2,39,2068
"Lavoy Allen",205.74,102.0582,Temple,USA,2011,2,50,202730
"Lawrence Funderburke",205.74,104.32616,"Ohio State",USA,1994,2,51,1444
"Lawrence Roberts",205.74,108.86208,"Mississippi State",USA,2005,2,55,101160
"Lazar Hayward",198.12,102.0582,Marquette,USA,2010,1,30,202351
"Leandro Barbosa",190.5,79.832192,None,Brazil,2003,1,28,2571
"LeBron James",203.2,108.86208,None,USA,2003,1,1,2544
"Lee Nailon",203.2,109.315672,"Texas Christian",USA,1999,2,43,1924
"Leon Powe",203.2,108.86208,California,USA,2006,2,49,200796
"Leon Smith",208.28,106.59412,None,USA,1999,1,29,1910
"Lester Hudson",190.5,86.18248,Tennessee-Martin,USA,2009,2,58,201991
"Linas Kleiza",203.2,111.13004,Missouri,Lithuania,2005,1,27,101132
"Lindsey Hunter",187.96,88.45044,"Jackson State",USA,1993,1,10,283
"Linton Johnson",203.2,92.98636,Tulane,USA,Undrafted,Undrafted,Undrafted,2669
"Lionel Chalmers",182.88,81.64656,Xavier,USA,2004,2,33,2763
"Lonnie Walker IV",195.58,92.98636,Miami,USA,2018,1,18,1629022
"Lonny Baxter",203.2,117.93392,Maryland,USA,2002,2,43,2437
"Lonzo Ball",198.12,86.18248,UCLA,USA,2017,1,2,1628366
"Loren Woods",215.9,111.583632,Arizona,USA,2001,2,45,2254
"Lorenzen Wright",210.82,108.86208,Memphis,USA,1996,1,7,953
"Lou Amundson",205.74,102.0582,"Nevada-Las Vegas",USA,Undrafted,Undrafted,Undrafted,200811
"Lou Williams",185.42,79.3786,None,USA,2005,2,45,101150
"Louis King",200.66,92.98636,None,USA,Undrafted,Undrafted,Undrafted,1629663
"Luc Mbah a Moute",203.2,104.32616,UCLA,Cameroon,2008,2,37,201601
"Lucious Harris",195.58,92.98636,"Long Beach State",USA,1993,2,28,446
"Luguentz Dort",190.5,97.52228,None,Canada,Undrafted,Undrafted,Undrafted,1629652
"Luis Flores",187.96,88.45044,Manhattan,USA,2004,2,55,2784
"Luis Scola",205.74,111.13004,None,Argentina,2002,2,55,2449
"Luka Doncic",200.66,98.883056,None,Slovenia,2018,1,3,1629029
"Luka Samanic",208.28,102.965384,None,Croatia,2019,1,19,1629677
"Luke Babbitt",205.74,102.0582,Nevada,USA,2010,1,16,202337
"Luke Harangody",200.66,113.851592,"Notre Dame",USA,2010,2,52,202376
"Luke Jackson",200.66,97.52228,Oregon,USA,2004,1,10,2739
"Luke Kennard",195.58,90.7184,Duke,USA,2017,1,12,1628379
"Luke Kornet",215.9,113.398,Vanderbilt,USA,Undrafted,Undrafted,Undrafted,1628436
"Luke Ridnour",187.96,79.3786,Oregon,USA,2003,1,14,2557
"Luke Schenscher",215.9,120.20188,"Georgia Tech",USA,Undrafted,Undrafted,Undrafted,101195
"Luke Walton",203.2,106.59412,Arizona,USA,2003,2,32,2575
"Luol Deng",203.2,99.79024,Duke,"United Kingdom",2004,1,7,2736
"Luther Head",190.5,83.91452,Illinois,USA,2005,1,24,101129
"Lynn Greer",187.96,79.3786,Temple,USA,Undrafted,Undrafted,Undrafted,2696
"Maceo Baston",205.74,97.52228,Michigan,USA,1998,2,58,1766
"Maciej Lampe",210.82,108.86208,None,Poland,2003,2,30,2573
"Malcolm Brogdon",195.58,97.52228,Virginia,USA,2016,2,36,1627763
"Malcolm Lee",195.58,90.7184,UCLA,USA,2011,2,43,202723
"Malcolm Miller",200.66,95.25432,"Holy Cross",USA,Undrafted,Undrafted,Undrafted,1626259
"Malcolm Thomas",205.74,102.0582,"San Diego State",USA,Undrafted,Undrafted,Undrafted,202952
"Malik Allen",208.28,115.66596,Villanova,USA,Undrafted,Undrafted,Undrafted,2124
"Malik Beasley",195.58,88.904032,"Florida State",USA,2016,1,19,1627736
"Malik Hairston",198.12,99.79024,Oregon,USA,2008,2,48,201612
"Malik Monk",190.5,90.7184,Kentucky,USA,2017,1,11,1628370
"Malik Newman",190.5,86.18248,Kansas,USA,Undrafted,Undrafted,Undrafted,1629005
"Malik Rose",200.66,113.398,Drexel,USA,1996,2,44,990
"Mamadou N'diaye",213.36,115.66596,Auburn,Senegal,2000,1,26,2055
"Manny Harris",195.58,83.91452,Michigan,USA,Undrafted,Undrafted,Undrafted,202412
"Manu Ginobili",198.12,95.25432,None,Argentina,1999,2,57,1938
"Marc Gasol",215.9,120.20188,None,Spain,2007,2,48,201188
"Marc Jackson",208.28,122.46984,Temple,USA,1997,2,37,1531
"Marcin Gortat",213.36,108.86208,None,Poland,2005,2,57,101162
"Marco Belinelli",195.58,87.089664,None,Italy,2007,1,18,201158
"Marcus Banks",187.96,90.7184,"Nevada-Las Vegas",USA,2003,1,13,2556
"Marcus Camby",210.82,99.79024,Massachusetts,USA,1996,1,2,948
"Marcus Fizer",205.74,118.841104,"Iowa State",USA,2000,1,4,2033
"Marcus Haislip",208.28,104.32616,Tennessee,USA,2002,1,13,2409
"Marcus Morris Sr.",205.74,106.59412,Kansas,USA,2011,1,14,202694
"Marcus Smart",193.04,99.79024,"Oklahoma State",USA,2014,1,6,203935
"Marcus Thornton",193.04,92.98636,"Louisiana State",USA,2009,2,43,201977
"Marcus Vinicius",203.2,102.0582,None,USA,2006,2,43,200790
"Marcus Williams",190.5,92.98636,Connecticut,USA,2006,1,22,201173
"Mardy Collins",198.12,99.79024,Temple,USA,2006,1,29,200776
"Marial Shayok",195.58,89.811216,"Iowa State",Canada,2019,2,54,1629621
"Mario Chalmers",185.42,86.18248,Kansas,USA,2008,2,34,201596
"Mario Hezonja",203.2,98.883056,None,Croatia,2015,1,5,1626209
"Mario Kasun",213.36,117.93392,None,Croatia,2002,2,40,2435
"Mario West",195.58,95.25432,"Georgia Tech",USA,Undrafted,Undrafted,Undrafted,201238
"Mark Blount",213.36,104.32616,Pittsburgh,USA,1997,2,54,1548
"Mark Jackson",190.5,83.91452,"St. John's (NY)",USA,1987,1,18,349
"Mark Jones",198.12,97.52228,"Central Florida",USA,2004,4,82,2891
"Mark Madsen",205.74,108.86208,Stanford,USA,2000,1,29,2058
"Mark Pope",208.28,106.59412,Kentucky,USA,1996,2,52,998
"Mark Strickland",208.28,99.79024,Temple,USA,Undrafted,Undrafted,Undrafted,1110
"Markelle Fultz",193.04,90.7184,Washington,USA,2017,1,1,1628365
"Markieff Morris",208.28,111.13004,Kansas,USA,2011,1,13,202693
"Marko Guduric",198.12,91.171992,None,Serbia,Undrafted,Undrafted,Undrafted,1629741
"Marko Jaric",200.66,89.811216,None,Serbia,2000,2,30,2060
"Marques Bolden",208.28,112.944408,None,USA,Undrafted,Undrafted,Undrafted,1629716
"Marquese Chriss",208.28,105.686936,Washington,USA,2016,1,8,1627737
"Marquis Daniels",198.12,90.7184,Auburn,USA,Undrafted,Undrafted,Undrafted,2605
"Marreese Speights",208.28,111.13004,Florida,USA,2008,1,16,201578
"MarShon Brooks",195.58,90.7184,Providence,USA,2011,1,25,202705
"Martell Webster",200.66,95.25432,None,USA,2005,1,6,101110
"Martynas Andriuskevicius",218.44,108.86208,None,Lithuania,2005,2,44,101149
"Marvin Bagley III",210.82,106.140528,Duke,USA,2018,1,2,1628963
"Marvin Williams",205.74,104.32616,"North Carolina",USA,2005,1,2,101107
"Mason Plumlee",210.82,106.59412,Duke,USA,2013,1,22,203486
"Mateen Cleaves",187.96,92.98636,"Michigan State",USA,2000,1,14,2043
"Matisse Thybulle",195.58,91.171992,Washington,USA,2019,1,20,1629680
"Matt Barnes",200.66,106.59412,UCLA,USA,2002,2,45,2440
"Matt Bonner",208.28,108.86208,Florida,USA,2003,2,45,2588
"Matt Carroll",198.12,96.161504,"Notre Dame",USA,Undrafted,Undrafted,Undrafted,2679
"Matt Freije",208.28,112.944408,Vanderbilt,USA,2004,2,53,2782
"Matt Harpring",200.66,104.779752,"Georgia Tech",USA,1998,1,15,1723
"Matt Mooney",187.96,90.264808,"Texas Tech",USA,Undrafted,Undrafted,Undrafted,1629760
"Matt Thomas",193.04,86.18248,"Iowa State",USA,Undrafted,Undrafted,Undrafted,1629744
"Matt Walsh",198.12,99.79024,Florida,USA,Undrafted,Undrafted,Undrafted,101190
"Matthew Dellavedova",193.04,90.7184,"Saint Mary's (CA)",Australia,Undrafted,Undrafted,Undrafted,203521
"Maurice Ager",195.58,91.625584,"Michigan State",USA,2006,1,28,200772
"Maurice Baker",187.96,90.7184,"Oklahoma State",USA,Undrafted,Undrafted,Undrafted,2486
"Maurice Carter",195.58,95.25432,"Louisiana State",USA,Undrafted,Undrafted,Undrafted,2466
"Maurice Evans",195.58,99.79024,Texas,USA,Undrafted,Undrafted,Undrafted,2230
"Maurice Harkless",203.2,95.25432,"St. John's (NY)",USA,2012,1,15,203090
"Maurice Taylor",205.74,117.93392,Michigan,USA,1997,1,14,1508
"Max Strus",195.58,97.52228,None,USA,Undrafted,Undrafted,Undrafted,1629622
"Maxi Kleber",210.82,99.79024,None,Germany,Undrafted,Undrafted,Undrafted,1628467
"Mehmet Okur",210.82,112.944408,None,Turkey,2001,2,37,2246
"Melvin Ely",208.28,117.93392,"Fresno State",USA,2002,1,12,2408
"Melvin Frazier Jr.",198.12,90.7184,Tulane,USA,2018,2,35,1628982
"Melvin Sanders",195.58,95.25432,"Oklahoma State",USA,Undrafted,Undrafted,Undrafted,2684
"Mengke Bateer",210.82,131.54168,None,China,Undrafted,Undrafted,Undrafted,2370
"Metta World Peace",198.12,110.676448,"St. John's (NY)",USA,1999,1,16,1897
"Meyers Leonard",215.9,111.13004,Illinois,USA,2012,1,11,203086
"Mfiondu Kabengele",205.74,113.398,"Florida State",Canada,2019,1,27,1629662
"Michael Beasley",205.74,111.13004,"Kansas State",USA,2008,1,2,201563
"Michael Bradley",205.74,102.965384,Villanova,USA,2001,1,17,2214
"Michael Carter-Williams",198.12,83.91452,Syracuse,USA,2013,1,11,203487
"Michael Curry",195.58,95.25432,"Georgia Southern",USA,Undrafted,Undrafted,Undrafted,688
"Michael Doleac",210.82,118.841104,Utah,USA,1998,1,12,1720
"Michael Finley",200.66,97.52228,Wisconsin,USA,1995,1,21,714
"Michael Frazier",190.5,90.7184,Florida,USA,Undrafted,Undrafted,Undrafted,1626187
"Michael Kidd-Gilchrist",200.66,105.233344,Kentucky,USA,2012,1,2,203077
"Michael Olowokandi",213.36,122.016248,Pacific,Nigeria,1998,1,1,1709
"Michael Porter Jr.",208.28,98.883056,Missouri,USA,2018,1,14,1629008
"Michael Redd",198.12,97.068688,"Ohio State",USA,2000,2,43,2072
"Michael Ruffin",205.74,111.583632,Tulsa,USA,1999,2,32,1913
"Michael Smith",203.2,104.32616,Providence,USA,1994,2,35,63
"Michael Stewart",208.28,104.32616,California,USA,Undrafted,Undrafted,Undrafted,1565
"Michael Sweetney",203.2,117.93392,Georgetown,USA,2003,1,9,2552
"Mickael Gelabale",200.66,97.52228,None,USA,2005,2,48,101153
"Mickael Pietrus",198.12,95.25432,None,France,2003,1,11,2554
"Mickell Gladness",210.82,99.79024,"Alabama A&M",USA,Undrafted,Undrafted,Undrafted,202148
"Mikal Bridges",200.66,95.25432,Villanova,USA,2018,1,10,1628969
"Mike Bibby",187.96,86.18248,Arizona,USA,1998,1,2,1710
"Mike Conley",185.42,81.64656,"Ohio State",USA,2007,1,4,201144
"Mike Dunleavy",205.74,100.243832,Duke,USA,2002,1,3,2399
"Mike Hall",203.2,104.32616,"George Washington",USA,Undrafted,Undrafted,Undrafted,200837
"Mike Harris",198.12,108.86208,Rice,USA,Undrafted,Undrafted,Undrafted,200839
"Mike James",187.96,86.18248,Duquesne,USA,Undrafted,Undrafted,Undrafted,2229
"Mike Miller",203.2,98.883056,Florida,USA,2000,1,5,2034
"Mike Muscala",210.82,108.408488,Bucknell,USA,2013,2,44,203488
"Mike Scott",203.2,107.501304,Virginia,USA,2012,2,43,203118
"Mike Taylor",187.96,74.84268,"Iowa State",USA,2008,2,55,201446
"Mike Wilks",177.8,83.91452,Rice,USA,Undrafted,Undrafted,Undrafted,2366
"Mikki Moore",213.36,104.32616,Nebraska,USA,Undrafted,Undrafted,Undrafted,1630
"Mile Ilic",215.9,115.66596,None,USA,2005,2,43,101148
"Miles Bridges",200.66,102.0582,"Michigan State",USA,2018,1,12,1628970
"Milt Palacio",190.5,88.45044,"Colorado State",Belize,Undrafted,Undrafted,Undrafted,1960
"Mitchell Butler",195.58,95.25432,UCLA,USA,Undrafted,Undrafted,Undrafted,348
"Mitchell Robinson",215.9,108.86208,None,USA,2018,2,36,1629011
"Miye Oni",195.58,93.439952,Yale,USA,2019,2,58,1629671
"Mo Bamba",213.36,100.243832,"University of Texas at Austin",USA,2018,1,6,1628964
"Mo Williams",185.42,83.91452,Alabama,USA,2003,2,47,2590
"Monta Ellis",190.5,80.285784,None,USA,2005,2,40,101145
"Monte Morris",190.5,79.3786,"Iowa State",USA,2017,2,51,1628420
"Montrezl Harrell",203.2,108.86208,Louisville,USA,2015,2,32,1626149
"Monty Williams",203.2,102.0582,"Notre Dame",USA,1994,1,24,42
"Moochie Norris",187.96,85.275296,"West Florida",USA,1996,2,33,983
"Moritz Wagner",210.82,111.13004,Michigan,Germany,2018,1,25,1629021
"Morris Almond",198.12,102.0582,Rice,USA,2007,1,25,201165
"Morris Peterson",200.66,98.883056,"Michigan State",USA,2000,1,21,2050
"Moses Brown",218.44,111.13004,None,USA,Undrafted,Undrafted,Undrafted,1629650
"Mouhamed Sene",210.82,104.32616,None,Senegal,2006,1,10,200754
"Mustafa Shakur",193.04,88.45044,Arizona,USA,Undrafted,Undrafted,Undrafted,201203
"Mychal Mulder",190.5,83.460928,Kentucky,Canada,Undrafted,Undrafted,Undrafted,1628539
"Myles Turner",210.82,110.222856,Texas,USA,2015,1,11,1626167
"Nassir Little",195.58,99.79024,"North Carolina",USA,2019,1,25,1629642
"Nate Robinson",175.26,81.64656,Washington,USA,2005,1,21,101126
"Nathan Jawai",208.28,127.00576,Midland,Australia,2008,2,41,201605
"Naz Reid",205.74,119.748288,None,USA,Undrafted,Undrafted,Undrafted,1629675
"Nazr Mohammed",208.28,108.86208,Kentucky,USA,1998,1,29,1737
"Ndudi Ebi",205.74,90.7184,None,USA,2003,1,26,2569
"Nemanja Bjelica",208.28,108.86208,None,Serbia,2010,2,35,202357
"Nenad Krstic",213.36,108.86208,None,"Serbia and Montenegro",2002,1,24,2420
Nene,210.82,117.93392,None,Brazil,2002,1,7,2403
"Nerlens Noel",210.82,103.418976,Kentucky,USA,2013,1,6,203457
"Nick Collison",205.74,115.66596,Kansas,USA,2003,1,12,2555
"Nick Fazekas",210.82,106.59412,Nevada,USA,2007,2,34,201174
"Nick Van Exel",185.42,83.007336,Cincinnati,USA,1993,2,37,89
"Nick Young",198.12,90.7184,"Southern California",USA,2007,1,16,201156
"Nickeil Alexander-Walker",195.58,92.98636,"Virginia Tech",Canada,2019,1,17,1629638
"Nicolas Batum",203.2,90.7184,None,France,2008,1,25,201587
"Nicolas Claxton",210.82,97.52228,Georgia,USA,2019,2,31,1629651
"Nicolo Melli",205.74,107.047712,None,Italy,Undrafted,Undrafted,Undrafted,1629740
"Nigel Williams-Goss",187.96,86.18248,Gonzaga,USA,2017,2,55,1628430
"Nikola Jokic",208.28,113.398,None,Serbia,2014,2,41,203999
"Nikola Pekovic",210.82,110.222856,None,Montenegro,2008,2,31,201593
"Nikola Vucevic",213.36,108.86208,"Southern California",Montenegro,2011,1,16,202696
"Nikoloz Tskitishvili",213.36,102.0582,None,Georgia,2002,1,5,2401
"Noah Vonleh",208.28,108.86208,Indiana,USA,2014,1,9,203943
"Noel Felix",205.74,102.0582,"Fresno State",USA,Undrafted,Undrafted,Undrafted,101230
"Nolan Smith",187.96,83.91452,Duke,USA,2011,1,21,202701
"Norman Powell",193.04,97.52228,UCLA,USA,2015,2,46,1626181
"Norris Cole",187.96,79.3786,"Cleveland State",USA,2011,1,28,202708
"Norvel Pelle",208.28,104.779752,None,USA,Undrafted,Undrafted,Undrafted,203658
"O.J. Mayo",193.04,95.25432,"Southern California",USA,2008,1,3,201564
"Obinna Ekezie",205.74,122.46984,Maryland,Nigeria,1999,2,37,1918
"OG Anunoby",203.2,106.59412,Indiana,"United Kingdom",2017,1,23,1628384
"Olden Polynice",213.36,113.398,Virginia,USA,1987,1,8,178
"Oleksiy Pecherov",213.36,106.140528,None,Ukraine,2006,1,18,200762
"Oliver Miller",205.74,140.61352,Arkansas,USA,1992,1,22,932
"Omar Cook",185.42,86.18248,"St. John's (NY)",USA,2001,2,31,2241
"Omari Spellman",205.74,111.13004,Villanova,USA,2018,1,30,1629016
"Omer Asik",213.36,115.66596,None,Turkey,2008,2,36,201600
"Omri Casspi",205.74,102.0582,None,Israel,2009,1,23,201956
"Orien Greene",193.04,94.347136,Louisiana-Lafayette,USA,2005,2,53,101158
"Oshae Brissett",200.66,95.25432,None,Canada,Undrafted,Undrafted,Undrafted,1629052
"Othella Harrington",205.74,106.59412,Georgetown,USA,1996,2,30,970
"Othello Hunter",203.2,102.0582,"Ohio State",USA,Undrafted,Undrafted,Undrafted,201629
"P.J. Brown",210.82,108.86208,"Louisiana Tech",USA,1992,2,29,136
"P.J. Tucker",198.12,111.13004,Texas,USA,2006,2,35,200782
"P.J. Washington",200.66,104.32616,Kentucky,USA,2019,1,12,1629023
"Pape Sow",208.28,113.398,"Cal State-Fullerton",Senegal,2004,2,47,2776
"Pascal Siakam",205.74,104.32616,"New Mexico State",Cameroon,2016,1,27,1627783
"Pat Burke",210.82,113.398,Auburn,Ireland,Undrafted,Undrafted,Undrafted,2469
"Pat Connaughton",195.58,93.439952,"Notre Dame",USA,2015,2,41,1626192
"Pat Garrity",205.74,107.954896,"Notre Dame",USA,1998,1,19,1727
"Patrick Beverley",185.42,83.91452,Arkansas,USA,2009,2,42,201976
"Patrick Ewing",213.36,108.86208,Georgetown,Jamaica,1985,1,1,201607
"Patrick McCaw",200.66,83.91452,"Nevada-Las Vegas",USA,2016,2,38,1627775
"Patrick O'Bryant",213.36,112.944408,Bradley,USA,2006,1,9,200753
"Patrick Patterson",205.74,106.59412,Kentucky,USA,2010,1,14,202335
"Patty Mills",182.88,83.91452,"Saint Mary's (CA)",Australia,2009,2,55,201988
"Pau Gasol",213.36,102.965384,None,Spain,2001,1,3,2200
"Paul Davis",210.82,122.46984,"Michigan State",USA,2006,2,34,200781
"Paul George",203.2,95.25432,"Fresno State",USA,2010,1,10,202331
"Paul Grant",213.36,111.13004,Wisconsin,USA,1997,1,20,1514
"Paul Millsap",203.2,117.026736,"Louisiana Tech",USA,2006,2,47,200794
"Paul Pierce",200.66,99.79024,Kansas,USA,1998,1,10,1718
"Paul Shirley",208.28,104.32616,"Iowa State",USA,Undrafted,Undrafted,Undrafted,2321
"Paul Watson",198.12,95.25432,"Fresno State",USA,Undrafted,Undrafted,Undrafted,1628778
"Pavel Podkolzin",226.06,117.93392,None,Russia,2004,1,21,2750
"Peja Stojakovic",205.74,103.872568,None,"Serbia and Montenegro",1996,1,14,978
"Peter John Ramos",220.98,124.7378,None,"Puerto Rico",2004,2,32,2762
"PJ Dozier",198.12,92.98636,"South Carolina",USA,Undrafted,Undrafted,Undrafted,1628408
"Pooh Jeter",180.34,79.3786,Portland,USA,Undrafted,Undrafted,Undrafted,200817
"Popeye Jones",203.2,113.398,"Murray State",USA,1992,2,41,461
"Pops Mensah-Bonsu",205.74,108.86208,"George Washington",USA,Undrafted,Undrafted,Undrafted,200822
"Predrag Drobnjak",210.82,123.377024,None,Yugoslavia,1997,2,48,1542
"Primoz Brezec",215.9,110.222856,None,Slovenia,2000,1,27,2056
"Quentin Richardson",198.12,101.151016,DePaul,USA,2000,1,18,2047
"Quincy Douby",190.5,79.3786,Rutgers,USA,2006,1,19,200763
"Quincy Lewis",200.66,97.52228,Minnesota,USA,1999,1,19,1900
"Quincy Pondexter",198.12,102.0582,Washington,USA,2010,1,26,202347
"Quinn Cook",187.96,81.192968,Duke,USA,Undrafted,Undrafted,Undrafted,1626188
"Quinndary Weatherspoon",190.5,92.98636,"Mississippi State",USA,2019,2,49,1629683
"Quinton Ross",198.12,87.543256,"Southern Methodist",USA,Undrafted,Undrafted,Undrafted,2624
"Qyntel Woods",203.2,100.243832,"Northeast Mississippi Community College",USA,2002,1,21,2417
"Raef LaFrentz",210.82,108.86208,Kansas,USA,1998,1,3,1711
"Rafael Araujo",210.82,127.00576,"Brigham Young",Brazil,2004,1,8,2737
"Rafer Alston",187.96,77.564232,"Fresno State",USA,1998,2,39,1747
"Raja Bell",195.58,92.532768,"Florida International","U.S. Virgin Islands",Undrafted,Undrafted,Undrafted,1952
"Rajon Rondo",185.42,77.564232,Kentucky,USA,2006,1,21,200765
"Ramon Sessions",190.5,86.18248,Nevada,USA,2007,2,56,201196
"Randolph Morris",210.82,117.93392,Kentucky,USA,Undrafted,Undrafted,Undrafted,201043
"Randy Foye",193.04,96.615096,Villanova,USA,2006,1,7,200751
"Randy Holcomb",205.74,99.79024,"San Diego State",USA,2002,2,56,2450
"Randy Livingston",193.04,94.800728,"Louisiana State",USA,1996,2,42,988
"Rashad McCants",193.04,93.893544,"North Carolina",USA,2005,1,14,101119
"Rashard Lewis",208.28,97.52228,None,USA,1998,2,32,1740
"Rasheed Wallace",210.82,102.0582,"North Carolina",USA,1995,1,4,739
"Rasho Nesterovic",213.36,112.490816,None,Slovenia,1998,1,17,1725
"Rasual Butler",200.66,92.98636,"La Salle",USA,2002,2,52,2446
"Raul Lopez",182.88,72.57472,None,Spain,2001,1,24,2221
"Raul Neto",185.42,81.192968,None,Brazil,2013,2,47,203526
"Rawle Marshall",200.66,86.18248,Oakland,USA,Undrafted,Undrafted,Undrafted,101185
"Ray Allen",195.58,92.98636,Connecticut,USA,1996,1,5,951
"Rayjon Tucker",190.5,94.800728,None,USA,Undrafted,Undrafted,Undrafted,1629730
"Raymond Felton",185.42,89.811216,"North Carolina",USA,2005,1,5,101109
"Reece Gaines",198.12,92.98636,Louisville,USA,2003,1,15,2558
"Reggie Bullock",200.66,92.98636,"North Carolina",USA,2013,1,25,203493
"Reggie Evans",203.2,111.13004,Iowa,USA,Undrafted,Undrafted,Undrafted,2501
"Reggie Jackson",190.5,94.347136,"Boston College",USA,2011,1,24,202704
"Reggie Miller",200.66,83.91452,UCLA,USA,1987,1,11,397
"Reggie Williams",201,86,Georgetown,USA,1987,1,4,202130
"Renaldo Balkman",203.2,94.347136,"South Carolina",USA,2006,1,20,200764
"Renaldo Major",200.66,86.18248,"Fresno State",USA,Undrafted,Undrafted,Undrafted,200970
"Richard Hamilton",198.12,83.91452,Connecticut,USA,1999,1,7,1888
"Richard Jefferson",200.66,100.697424,Arizona,USA,2001,1,13,2210
"Richaun Holmes",208.28,111.13004,"Bowling Green",USA,2015,2,37,1626158
"Richie Frahm",195.58,95.25432,Gonzaga,USA,Undrafted,Undrafted,Undrafted,2499
"Rick Brunson",193.04,88.45044,Temple,USA,Undrafted,Undrafted,Undrafted,1594
"Rick Fox",200.66,112.944408,"North Carolina",Canada,1991,1,24,296
"Ricky Davis",200.66,88.45044,Iowa,USA,1998,1,21,1729
"Ricky Rubio",193.04,81.64656,None,Spain,2009,1,5,201937
"RJ Barrett",198.12,97.068688,Duke,Canada,2019,1,3,1629628
"Rob Kurz",205.74,105.233344,"Notre Dame",USA,Undrafted,Undrafted,Undrafted,201633
"Robert Archibald",210.82,113.398,Illinois,Scotland,2002,2,31,2425
"Robert Covington",205.74,97.52228,"Tennessee State",USA,Undrafted,Undrafted,Undrafted,203496
"Robert Hite",187.96,83.460928,"Miami (FL)",USA,Undrafted,Undrafted,Undrafted,200823
"Robert Horry",208.28,99.79024,Alabama,USA,1992,1,11,109
"Robert Pack",187.96,86.18248,"Southern California",USA,Undrafted,Undrafted,Undrafted,123
"Robert Swift",213.36,111.13004,None,USA,2004,1,12,2741
"Robert Traylor",203.2,128.820128,Michigan,USA,1998,1,6,1714
"Robert Whaley",208.28,117.93392,Walsh,USA,2005,2,51,101156
"Robert Williams III",208.28,108.86208,"Texas A&M",USA,2018,1,27,1629057
"Robin Lopez",213.36,115.66596,Stanford,USA,2008,1,15,201577
"Rod Strickland",190.5,83.91452,DePaul,USA,1988,1,19,393
"Rodions Kurucs",205.74,95.25432,None,Latvia,2018,2,40,1629066
"Rodney Buford",195.58,85.728888,Creighton,USA,1999,2,53,1934
"Rodney Carney",200.66,92.98636,Memphis,USA,2006,1,16,200760
"Rodney Hood",203.2,97.52228,Duke,USA,2014,1,23,203918
"Rodney McGruder",193.04,92.98636,"Kansas State",USA,Undrafted,Undrafted,Undrafted,203585
"Rodney Rogers",200.66,115.66596,"Wake Forest",USA,1993,1,9,915
"Rodney Stuckey",195.58,92.98636,"Eastern Washington",USA,2007,1,15,201155
"Rodney White",205.74,107.954896,"North Carolina-Charlotte",USA,2001,1,9,2206
"Rodrigue Beaubois",182.88,77.11064,None,France,2009,1,25,201958
"Roger Mason Jr.",195.58,90.7184,Virginia,USA,2002,2,30,2427
"Roger Powell",198.12,99.79024,Illinois,USA,Undrafted,Undrafted,Undrafted,101232
"Roko Ukic",195.58,83.007336,None,USA,2005,2,41,101146
"Romeo Langford",193.04,97.975872,Indiana,USA,2019,1,14,1629641
"Ron Mercer",200.66,95.25432,Kentucky,USA,1997,1,6,1500
"Ronald Dupree",200.66,94.800728,"Louisiana State",USA,Undrafted,Undrafted,Undrafted,2648
"Rondae Hollis-Jefferson",200.66,99.79024,Arizona,USA,2015,1,23,1626178
"Ronnie Brewer",200.66,98.883056,Arkansas,USA,2006,1,14,200758
"Ronnie Price",187.96,86.18248,"Utah Valley",USA,Undrafted,Undrafted,Undrafted,101179
"Ronny Turiaf",208.28,112.944408,Gonzaga,France,2005,2,37,101142
"Roy Hibbert",218.44,126.098576,Georgetown,USA,2008,1,17,201579
"Royal Ivey",190.5,90.7184,Texas,USA,2004,2,37,2767
"Royce O'Neale",198.12,102.511792,Baylor,USA,Undrafted,Undrafted,Undrafted,1626220
"Ruben Boumtje-Boumtje",213.36,111.13004,Georgetown,USA,2001,2,49,2257
"Ruben Patterson",198.12,102.965384,Cincinnati,USA,1998,2,31,1739
"Rudy Fernandez",198.12,83.91452,None,Spain,2007,1,24,201164
"Rudy Gay",205.74,99.79024,Connecticut,USA,2006,1,8,200752
"Rudy Gobert",215.9,111.13004,None,France,2013,1,27,203497
"Rui Hachimura",203.2,104.32616,Gonzaga,Japan,2019,1,9,1629060
"Russell Westbrook",190.5,84.821704,UCLA,USA,2008,1,4,201566
"Rusty LaRue",190.5,83.91452,"Wake Forest",USA,Undrafted,Undrafted,Undrafted,1601
"Ryan Anderson",208.28,108.86208,California,USA,2008,1,21,201583
"Ryan Arcidiacono",190.5,88.45044,Villanova,USA,Undrafted,Undrafted,Undrafted,1627853
"Ryan Bowen",200.66,97.52228,Iowa,USA,1998,2,55,1763
"Ryan Broekhoff",200.66,97.52228,None,Australia,Undrafted,Undrafted,Undrafted,1629151
"Ryan Gomes",200.66,113.398,Providence,USA,2005,2,50,101155
"Ryan Hollins",213.36,104.32616,UCLA,USA,2006,2,50,200797
"Ryan Humphrey",203.2,106.59412,"Notre Dame",USA,2002,1,19,2415
"Ryan Reid",203.2,106.59412,"Florida State",USA,2010,2,57,202385
"Salim Stoudamire",185.42,81.192968,Arizona,USA,2005,2,31,101136
"Sam Cassell",190.5,83.91452,"Florida State",USA,1993,1,24,208
"Sam Young",198.12,99.79024,Pittsburgh,USA,2009,2,36,201970
"Samaki Walker",205.74,108.86208,Louisville,USA,1996,1,9,955
"Samardo Samuels",205.74,117.93392,Louisville,Jamaica,Undrafted,Undrafted,Undrafted,202396
"Samuel Dalembert",210.82,113.398,"Seton Hall",Haiti,2001,1,26,2223
"Sarunas Jasikevicius",193.04,89.357624,Maryland,USSR,Undrafted,Undrafted,Undrafted,101180
"Sasha Pavlovic",200.66,95.25432,None,Montenegro,2003,1,19,2562
"Sasha Vujacic",200.66,87.543256,None,Slovenia,2004,1,27,2756
"Scot Pollard",210.82,120.20188,Kansas,USA,1997,1,19,1513
"Scott Padgett",205.74,108.86208,Kentucky,USA,1999,1,28,1909
"Scott Williams",208.28,104.32616,"North Carolina",USA,Undrafted,Undrafted,Undrafted,281
"Scottie Pippen",200.66,103.418976,"Central Arkansas",USA,1987,1,5,937
"Sean Lampley",200.66,102.965384,California,USA,2001,2,44,2253
"Sean Marks",208.28,113.398,California,"New Zealand",1998,2,44,1752
"Sean May",205.74,120.655472,"North Carolina",USA,2005,1,13,101118
"Sean Rooks",208.28,117.93392,Arizona,USA,1992,2,30,399
"Sean Singletary",182.88,83.91452,Virginia,USA,2008,2,42,201606
"Sean Williams",208.28,106.59412,"Boston College",USA,2007,1,17,201157
"Sebastian Telfair",182.88,72.57472,None,USA,2004,1,13,2742
"Sekou Doumbouya",203.2,104.32616,None,Guinea,2019,1,15,1629635
"Semi Ojeleye",200.66,106.59412,"Southern Methodist",USA,2017,2,37,1628400
"Semih Erden",210.82,108.86208,None,Turkey,2008,2,60,201623
"Serge Ibaka",208.28,106.59412,None,"Democratic Republic of the Congo",2008,1,24,201586
"Sergei Monia",203.2,99.79024,None,Russia,2004,1,23,2752
"Sergio Rodriguez",190.5,76.203456,None,Spain,2006,1,27,200771
"Seth Curry",187.96,83.91452,Duke,USA,Undrafted,Undrafted,Undrafted,203552
"Shabazz Napier",185.42,79.3786,Connecticut,USA,2014,1,24,203894
"Shai Gilgeous-Alexander",198.12,82.100152,Kentucky,Canada,2018,1,11,1628983
"Shake Milton",198.12,93.893544,"Southern Methodist",USA,2018,2,54,1629003
"Shammond Williams",185.42,91.171992,"North Carolina",USA,1998,2,34,1742
"Shamorie Ponds",182.88,79.3786,None,USA,Undrafted,Undrafted,Undrafted,1629044
"Shandon Anderson",198.12,94.347136,Georgia,USA,1996,2,54,1000
"Shane Battier",203.2,99.79024,Duke,USA,2001,1,6,2203
"Shane Heal",182.88,81.64656,None,USA,Undrafted,Undrafted,Undrafted,1049
"Shannon Brown",193.04,92.98636,"Michigan State",USA,2006,1,25,200769
"Shaquille Harrison",193.04,86.18248,Tulsa,USA,Undrafted,Undrafted,Undrafted,1627885
"Shaquille O'Neal",215.9,136.0776,"Louisiana State",USA,1992,1,1,406
"Shareef Abdur-Rahim",205.74,104.32616,California,USA,1996,1,3,949
"Sharrod Ford",205.74,106.59412,Clemson,USA,Undrafted,Undrafted,Undrafted,101213
"Shaun Livingston",200.66,82.553744,None,USA,2004,1,4,2733
"Shavlik Randolph",208.28,108.86208,Duke,USA,Undrafted,Undrafted,Undrafted,101183
"Shawn Bradley",228.6,112.490816,"Brigham Young",USA,1993,1,2,762
"Shawn Marion",200.66,97.52228,"Nevada-Las Vegas",USA,1999,1,9,1890
"Shawne Williams",205.74,102.0582,Memphis,USA,2006,1,17,200761
"Shelden Williams",205.74,113.398,Duke,USA,2006,1,5,200749
"Shelvin Mack",190.5,93.893544,Butler,USA,2011,2,34,202714
"Skal Labissiere",210.82,102.0582,Kentucky,Haiti,2016,1,28,1627746
"Slava Medvedenko",208.28,113.398,None,Ukraine,Undrafted,Undrafted,Undrafted,2098
"Slavko Vranes",226.06,124.7378,None,USA,2003,2,39,2582
"Smush Parker",193.04,81.64656,Fordham,USA,Undrafted,Undrafted,Undrafted,2470
"Solomon Alabi",215.9,113.851592,"Florida State",Nigeria,2010,2,50,202374
"Solomon Hill",200.66,102.0582,Arizona,USA,2013,1,23,203524
"Solomon Jones",208.28,104.32616,"South Florida",USA,2006,2,33,200780
"Sonny Weems",198.12,92.079176,Arkansas,USA,2008,2,39,201603
"Speedy Claxton",180.34,75.296272,Hofstra,USA,2000,1,20,2049
"Spencer Dinwiddie",198.12,90.7184,Colorado,USA,2014,2,38,203915
"Spencer Hawes",213.36,111.13004,Washington,USA,2007,1,10,201150
"Stacey Augmon",203.2,92.98636,"Nevada-Las Vegas",USA,1991,1,9,278
"Stanley Johnson",200.66,111.13004,Arizona,USA,2015,1,8,1626169
"Stephane Lasme",203.2,97.52228,Massachusetts,Gabon,2007,2,46,201186
"Stephen Curry",190.5,83.91452,Davidson,USA,2009,1,7,201939
"Stephen Graham",198.12,97.52228,"Oklahoma State",USA,Undrafted,Undrafted,Undrafted,101211
"Stephen Jackson",203.2,98.883056,"Butler Community College",USA,1997,2,42,1536
"Stephon Marbury",187.96,81.64656,"Georgia Tech",USA,1996,1,4,950
"Sterling Brown",198.12,104.32616,"Southern Methodist",USA,2017,2,46,1628425
"Steve Blake",190.5,78.017824,Maryland,USA,2003,2,38,2581
"Steve Francis",190.5,87.543256,Maryland,USA,1999,1,2,1883
"Steve Nash",190.5,88.45044,"Santa Clara",Canada,1996,1,15,959
"Steve Novak",208.28,99.79024,Marquette,USA,2006,2,32,200779
"Steven Adams",213.36,115.66596,Pittsburgh,"New Zealand",2013,1,12,203500
"Steven Hill",213.36,111.13004,Arkansas,USA,Undrafted,Undrafted,Undrafted,201631
"Steven Hunter",208.28,101.604608,DePaul,USA,2001,1,15,2212
"Steven Smith",203.2,97.52228,"Michigan State",USA,1991,1,5,200848
"Stromile Swift",205.74,102.0582,"Louisiana State",USA,2000,1,2,2031
"Sun Sun",205.74,92.98636,None,USA,2007,2,40,201180
"Sundiata Gaines",185.42,88.45044,Georgia,USA,Undrafted,Undrafted,Undrafted,202178
"Svi Mykhailiuk",203.2,92.98636,Kansas,Ukraine,2018,2,47,1629004
"T.J. Ford",182.88,74.84268,Texas,USA,2003,1,8,2551
"T.J. McConnell",187.96,90.7184,Arizona,USA,Undrafted,Undrafted,Undrafted,204456
"T.J. Warren",203.2,97.52228,"North Carolina State",USA,2014,1,14,203933
"Tacko Fall",226.06,141.067112,None,Senegal,Undrafted,Undrafted,Undrafted,1629605
"Taj Gibson",205.74,102.0582,"Southern California",USA,2009,1,26,201959
"Talen Horton-Tucker",193.04,106.140528,"Iowa State",USA,2019,2,46,1629659
"Tamar Slay",203.2,97.52228,Marshall,USA,2002,2,53,2447
"Tang Hamilton",203.2,99.79024,"Mississippi State",USA,Undrafted,Undrafted,Undrafted,2347
"Tarence Kinsey",198.12,85.728888,"South Carolina",USA,Undrafted,Undrafted,Undrafted,200814
"Tariq Abdul-Wahad",198.12,101.151016,"San Jose State",France,1997,1,11,1505
"Tariq Owens",208.28,92.98636,"Texas Tech",USA,Undrafted,Undrafted,Undrafted,1629745
"Taurean Green",182.88,80.285784,Florida,USA,2007,2,52,201192
"Taurean Prince",203.2,99.79024,Baylor,USA,2016,1,12,1627752
"Tayshaun Prince",205.74,97.52228,Kentucky,USA,2002,1,23,2419
"Terance Mann",195.58,97.52228,"Florida State",USA,2019,2,48,1629611
"Terence Davis",193.04,91.171992,None,USA,Undrafted,Undrafted,Undrafted,1629056
"Terence Morris",205.74,100.243832,Maryland,USA,2001,2,33,2242
"Terrance Ferguson",200.66,83.460928,None,USA,2017,1,21,1628390
"Terrel Harris",193.04,86.18248,"Oklahoma State",USA,Undrafted,Undrafted,Undrafted,202227
"Terrence Ross",198.12,88.45044,Washington,USA,2012,1,8,203082
"Terrence Williams",198.12,99.79024,Louisville,USA,2009,1,11,201944
"Terry Rozier",187.96,86.18248,Louisville,USA,2015,1,16,1626179
"Thabo Sefolosha",200.66,97.52228,None,Switzerland,2006,1,13,200757
"Thaddeus Young",203.2,99.79024,"Georgia Tech",USA,2007,1,12,201152
"Thanasis Antetokounmpo",200.66,92.98636,None,Greece,2014,2,51,203648
"Theo Pinson",198.12,98.883056,None,USA,Undrafted,Undrafted,Undrafted,1629033
"Theo Ratliff",208.28,102.0582,Wyoming,USA,1995,1,18,689
"Theron Smith",203.2,102.0582,"Ball State",USA,Undrafted,Undrafted,Undrafted,2604
"Thomas Bryant",208.28,112.490816,Indiana,USA,2017,2,42,1628418
"Thomas Gardner",195.58,102.0582,Missouri,USA,Undrafted,Undrafted,Undrafted,201242
"Thon Maker",215.9,101.151016,None,"South Sudan",2016,1,10,1627748
"Tiago Splitter",210.82,108.86208,None,Brazil,2007,1,28,201168
"Tierre Brown",187.96,85.728888,"McNeese State",USA,Undrafted,Undrafted,Undrafted,2357
"Tim Duncan",213.36,112.490816,"Wake Forest","US Virgin Islands",1997,1,1,1495
"Tim Frazier",185.42,77.11064,None,USA,Undrafted,Undrafted,Undrafted,204025
"Tim Hardaway Jr.",198.12,92.98636,Michigan,USA,2013,1,24,203501
"Tim Thomas",208.28,104.32616,Villanova,USA,1997,1,7,1501
"Timofey Mozgov",215.9,113.398,None,Russia,Undrafted,Undrafted,Undrafted,202389
"Timothe Luwawu-Cabarrot",198.12,92.98636,None,France,2016,1,24,1627789
"TJ Leaf",208.28,104.32616,UCLA,USA,2017,1,18,1628388
"Tobias Harris",203.2,102.511792,Tennessee,USA,2011,1,19,202699
"Todd Day",198.12,85.275296,Arkansas,USA,1992,1,8,103
"Tom Gugliotta",208.28,108.86208,"North Carolina State",USA,1992,1,6,339
"Tomas Satoransky",200.66,95.25432,None,"Czech Republic",2012,2,32,203107
"Toney Douglas",185.42,90.7184,"Florida State",USA,2009,1,29,201962
"Toni Kukoc",210.82,105.233344,None,Croatia,1990,2,29,389
"Tony Allen",193.04,96.615096,"Oklahoma State",USA,2004,1,25,2754
"Tony Battie",210.82,108.86208,"Texas Tech",USA,1997,1,5,1499
"Tony Bobbitt",193.04,86.18248,Cincinnati,USA,Undrafted,Undrafted,Undrafted,2800
"Tony Bradley",208.28,112.490816,"North Carolina",USA,2017,1,28,1628396
"Tony Delk",187.96,85.728888,Kentucky,USA,1996,1,16,960
"Tony Massenburg",205.74,113.398,Maryland,USA,1990,2,43,763
"Tony Parker",187.96,80.285784,None,France,2001,1,28,2225
"Tony Snell",200.66,90.7184,"New Mexico",USA,2013,1,20,203503
"Torraye Braggs",203.2,111.13004,Xavier,USA,1998,2,57,1765
"Torrey Craig",198.12,97.52228,"South Carolina Upstate",USA,Undrafted,Undrafted,Undrafted,1628470
"Tracy McGrady",203.2,95.25432,None,USA,1997,1,9,1503
"Tracy Murray",200.66,103.418976,UCLA,USA,1992,1,18,145
"Trae Young",187.96,81.64656,Oklahoma,USA,2018,1,5,1629027
"Trajan Langdon",190.5,88.45044,Duke,USA,1999,1,11,1892
"Travis Best",180.34,82.553744,"Georgia Tech",USA,1995,1,23,696
"Travis Diener",185.42,79.3786,Marquette,USA,2005,2,38,101143
"Travis Hansen",198.12,92.98636,"Brigham Young",USA,2003,2,37,2580
"Travis Knight",213.36,106.59412,Connecticut,USA,1996,1,29,969
"Travis Leslie",193.04,92.98636,Georgia,USA,2011,2,47,202727
"Travis Outlaw",205.74,95.25432,None,USA,2003,1,23,2566
"Tremaine Fowlkes",203.2,99.79024,"Fresno State",USA,1998,2,54,1762
"Tremont Waters",177.8,79.3786,"Louisiana State",USA,2019,2,51,1629682
"Trenton Hassell",195.58,90.7184,"Austin Peay",USA,2001,2,29,2239
"Treveon Graham",198.12,102.511792,"Virginia Commonwealth",USA,Undrafted,Undrafted,Undrafted,1626203
"Trevor Ariza",203.2,90.7184,UCLA,USA,2004,2,43,2772
"Trevor Booker",203.2,108.86208,Clemson,USA,2010,1,23,202344
"Trey Burke",185.42,86.18248,Michigan,USA,2013,1,9,203504
"Trey Johnson",195.58,98.883056,"Jackson State",USA,Undrafted,Undrafted,Undrafted,201234
"Trey Lyles",208.28,106.140528,Kentucky,USA,2015,1,12,1626168
"Trey Thompkins",208.28,111.13004,Georgia,USA,2011,2,37,202717
"Tristan Thompson",205.74,102.965384,Texas,Canada,2011,1,4,202684
"Troy Bell",185.42,81.64656,"Boston College",USA,2003,1,16,2559
"Troy Brown Jr.",200.66,97.52228,Oregon,USA,2018,1,15,1628972
"Troy Daniels",193.04,92.532768,"Virginia Commonwealth",USA,Undrafted,Undrafted,Undrafted,203584
"Troy Hudson",185.42,80.739376,"Southern Illinois",USA,Undrafted,Undrafted,Undrafted,1607
"Troy Murphy",210.82,111.13004,"Notre Dame",USA,2001,1,14,2211
"Ty Jerome",195.58,88.45044,Virginia,USA,2019,1,24,1629660
"Ty Lawson",180.34,88.45044,"North Carolina",USA,2009,1,18,201951
"Tyler Cook",203.2,115.66596,None,USA,Undrafted,Undrafted,Undrafted,1629076
"Tyler Hansbrough",205.74,113.398,"North Carolina",USA,2009,1,13,201946
"Tyler Herro",195.58,88.45044,Kentucky,USA,2019,1,13,1629639
"Tyler Honeycutt",203.2,85.275296,UCLA,USA,2011,2,35,202715
"Tyler Johnson",190.5,86.18248,"Fresno State",USA,Undrafted,Undrafted,Undrafted,204020
"Tyreke Evans",198.12,99.79024,Memphis,USA,2009,1,4,201936
"Tyrone Hill",205.74,111.13004,Xavier,USA,1990,1,11,238
"Tyrone Wallace",195.58,89.811216,California,USA,2016,2,60,1627820
"Tyronn Lue",182.88,79.3786,Nebraska,USA,1998,1,23,1731
"Tyrus Thomas",205.74,97.52228,"Louisiana State",USA,2006,1,4,200748
"Tyson Chandler",215.9,106.59412,None,USA,2001,1,2,2199
"Tyus Jones",187.96,88.45044,Duke,USA,2015,1,24,1626145
"Udonis Haslem",203.2,103.418976,Florida,USA,Undrafted,Undrafted,Undrafted,2617
"Uros Slokar",208.28,107.954896,None,USA,2005,2,58,101166
"Vassilis Spanoulis",193.04,88.45044,None,USA,2004,2,50,2779
"Vernon Macklin",208.28,102.965384,Florida,USA,2011,2,52,202731
"Vic Law",200.66,91.171992,Northwestern,USA,Undrafted,Undrafted,Undrafted,1629724
"Victor Oladipo",193.04,97.52228,Indiana,USA,2013,1,2,203506
"Viktor Khryapa",205.74,95.25432,None,Russia,2004,1,22,2751
"Vin Baker",210.82,111.13004,Hartford,USA,1993,1,8,452
"Vince Carter",200.66,97.52228,"North Carolina",USA,1998,1,5,1713
"Vincent Poirier",213.36,106.59412,None,France,Undrafted,Undrafted,Undrafted,1629738
"Vitaly Potapenko",208.28,127.00576,"Wright State",Ukraine,1996,1,12,958
"Vlade Divac",215.9,117.93392,None,"Serbia and Montenegro",1989,1,26,124
"Vladimir Radmanovic",208.28,106.140528,None,Serbia,2001,1,12,2209
"Vladimir Stepania",213.36,107.047712,None,Georgia,1998,1,27,1735
"Vlatko Cancar",203.2,107.047712,None,Slovenia,2017,2,49,1628427
"Von Wafer",195.58,95.25432,"Florida State",USA,2005,2,39,101144
"Voshon Lenard",193.04,92.98636,Minnesota,USA,1994,2,46,702
"Walker Russell",182.88,77.11064,"Jacksonville State",USA,1982,4,78,201041
"Wally Szczerbiak",200.66,110.222856,"Miami (OH)",USA,1999,1,6,1887
"Walter Herrmann",205.74,102.0582,None,USA,Undrafted,Undrafted,Undrafted,200835
"Walter McCarty",208.28,104.32616,Kentucky,USA,1996,1,19,962
"Walter Sharpe",205.74,111.13004,Alabama-Birmingham,USA,2008,2,32,201594
"Wang Zhi-zhi",215.9,99.79024,None,China,1999,2,36,1917
"Wayne Ellington",193.04,90.7184,"North Carolina",USA,2009,1,28,201961
"Wayne Simien",205.74,113.398,Kansas,USA,2005,1,29,101134
"Wendell Carter Jr.",208.28,115.66596,Duke,USA,2018,1,7,1628976
"Wenyen Gabriel",205.74,92.98636,None,Sudan,Undrafted,Undrafted,Undrafted,1629117
"Wes Iwundu",200.66,88.45044,"Kansas State",USA,2017,2,33,1628411
"Wesley Johnson",200.66,92.98636,Syracuse,USA,2010,1,4,202325
"Wesley Matthews",195.58,99.79024,Marquette,USA,Undrafted,Undrafted,Undrafted,202083
"Wesley Person",198.12,88.45044,Auburn,USA,1994,1,23,445
"Will Barton",195.58,77.11064,Memphis,USA,2012,2,40,203115
"Will Blalock",182.88,92.98636,"Iowa State",USA,2006,2,60,200807
"Will Bynum",182.88,83.91452,"Georgia Tech",USA,Undrafted,Undrafted,Undrafted,101198
"Will Conroy",187.96,88.45044,Washington,USA,Undrafted,Undrafted,Undrafted,101215
"Will Solomon",185.42,83.91452,Clemson,USA,2001,2,32,2226
"William Howard",203.2,93.893544,None,France,Undrafted,Undrafted,Undrafted,1629739
"Willie Cauley-Stein",213.36,108.86208,Kentucky,USA,2015,1,6,1626161
"Willie Green",193.04,90.7184,"Detroit Mercy",USA,2003,2,41,2584
"Willy Hernangomez",210.82,108.86208,None,Spain,2015,2,35,1626195
"Wilson Chandler",203.2,99.79024,DePaul,USA,2007,1,23,201163
"Xavier Henry",198.12,99.79024,Kansas,USA,2010,1,12,202333
"Xavier Silas",195.58,92.98636,"Northern Illinois",USA,2011,Undrafted,Undrafted,202918
"Yakhouba Diawara",200.66,102.0582,Pepperdine,USA,Undrafted,Undrafted,Undrafted,200821
"Yao Ming",226.06,134.263232,None,China,2002,1,1,2397
"Yaroslav Korolev",205.74,111.13004,None,Russia,2005,1,12,101117
"Yi Jianlian",213.36,107.954896,None,USA,2007,1,6,201146
"Yogi Ferrell",182.88,81.64656,Indiana,USA,Undrafted,Undrafted,Undrafted,1627812
"Yuta Tabuse",175.26,74.84268,"Brigham Young-Hawaii",USA,Undrafted,Undrafted,Undrafted,2657
"Yuta Watanabe",205.74,92.98636,"George Washington",Japan,Undrafted,Undrafted,Undrafted,1629139
"Zach LaVine",195.58,83.007336,UCLA,USA,2014,1,13,203897
"Zach Norvell Jr.",195.58,92.98636,None,USA,Undrafted,Undrafted,Undrafted,1629668
"Zach Randolph",205.74,122.46984,"Michigan State",USA,2001,1,19,2216
"Zarko Cabarkapa",210.82,106.59412,None,"Serbia and Montenegro",2003,1,17,2560
"Zaza Pachulia",210.82,108.86208,None,Georgia,2003,2,42,2585
"Zeljko Rebraca",213.36,116.573144,None,Yugoslavia,1994,2,54,1442
"Zendon Hamilton",210.82,115.212368,"St. John's (NY)",USA,Undrafted,Undrafted,Undrafted,1985
"Zhaire Smith",193.04,90.264808,"Texas Tech",USA,2018,1,16,1629015
"Zion Williamson",198.12,128.820128,Duke,USA,2019,1,1,1629627
"Zoran Planinic",200.66,88.45044,None,Croatia,2003,1,22,2565
"Zydrunas Ilgauskas",220.98,117.93392,None,Lithuania,1996,1,20,980
"Zylan Cheatham",195.58,99.79024,None,USA,Undrafted,Undrafted,Undrafted,1629597
